{
  "mode": "live",
  "exchange": "binance",
  "enable_futures": true,
  "pair_refresh_sec": 300,
  "max_pairs": 12,
  "risk": {
    "risk_per_trade": 0.02,
    "max_position_pct": 0.25,
    "cooldown_sec": 60,
    "atr_period": 14,
    "stop_atr_mult": 1.8,
    "tp_atr_mult": 3.0,
    "use_trailing": true,
    "trail_atr_mult": 1.2,
    "exit_on_opposite_signal": true,
    "kill_switch": {
      "max_trades_per_day": 40
    },
    "scale_out": {
      "enabled": true,
      "tp1_atr_mult": 2.0,
      "tp2_atr_mult": 3.0,
      "tp3_atr_mult": 4.0,
      "tp1_pct": 0.25,
      "tp2_pct": 0.25,
      "tp3_pct": 0.5,
      "move_stop_to_be": true
    },
    "break_even": {
      "enabled": true,
      "trigger_atr_mult": 1.0,
      "trigger_pct": 0.0,
      "fee_bps": 10,
      "buffer_bps": 2
    },
    "trailing": {
      "mode": "atr",
      "atr_mult": 1.2,
      "step_trigger_atr_mult": 0.75,
      "step_atr_mult": 1.2,
      "structure_lookback": 20
    },
    "time_exit": {
      "enabled": true,
      "minutes": 60,
      "min_move_atr": 0.4,
      "action": "partial",
      "partial_pct": 0.5
    },
    "volatility_throttle": {
      "enabled": true,
      "atr_pct_high": 0.06,
      "spike_mult": 1.8,
      "reduce_pct": 0.25,
      "cooldown_sec": 600
    },
    "portfolio": {
      "max_positions": 30,
      "max_symbol_exposure_pct": 0.35,
      "max_total_exposure_pct": 1.25
    },
    "dca": {
      "allow_in_trend": false,
      "allow_in_high_vol": false
    },
    "pyramid": {
      "allow_outside_trend": false,
      "allow_in_high_vol": false
    }
  },
  "strategies": {
    "ema_cross": {
      "enabled": true,
      "fast": 12,
      "slow": 26
    },
    "macd_vote": {
      "enabled": true,
      "fast": 12,
      "slow": 26,
      "signal": 9,
      "weight": 0.7
    },
    "donchian_breakout": {
      "enabled": true,
      "lookback": 20,
      "weight": 0.9
    },
    "rsi_reversion": {
      "enabled": true,
      "period": 14,
      "oversold": 30,
      "overbought": 70,
      "weight": 0.7
    },
    "bbands_bounce": {
      "enabled": true,
      "period": 20,
      "std": 2.0,
      "weight": 0.6
    },
    "momentum_filter": {
      "enabled": true,
      "lookback": 20,
      "threshold": 0.004
    }
  },
  "decision_factor": {
    "enabled": true,
    "plan_ttl_sec": 3600,
    "maker_spread_bps": 35,
    "weights": {
      "regime": 0.35,
      "micro_model": 0.2,
      "backtest": 0.25,
      "ai_brain": 0.15,
      "llm": 0.05
    },
    "backtest": {
      "enabled": true,
      "min_signal_strength": 1.3,
      "bars": 600,
      "horizon_bars": 60,
      "max_tactics": 4
    },
    "tactics": {
      "trend_follow": {
        "stop_atr_mult": 2.5,
        "tp_atr_mult": 4.2,
        "risk_mult": 1.0,
        "trailing": {
          "mode": "step",
          "step_trigger_atr_mult": 0.75,
          "step_atr_mult": 2.0
        }
      },
      "range_reversion": {
        "stop_atr_mult": 2.5,
        "tp_atr_mult": 3.0,
        "risk_mult": 0.9,
        "trailing": {
          "mode": "atr",
          "atr_mult": 2.0
        }
      },
      "high_vol_event": {
        "stop_atr_mult": 3.0,
        "tp_atr_mult": 3.0,
        "risk_mult": 0.7,
        "trailing": {
          "mode": "off"
        },
        "time_exit": {
          "enabled": true,
          "minutes": 30,
          "action": "partial",
          "partial_pct": 0.5
        }
      },
      "none": {}
    }
  }
}