{
  "name": "ultra_aggressive",
  "mode": "paper",
  "exchange": "binance",
  "enable_futures": false,
  "max_pairs": 20,
  "pair_refresh_sec": 240,
  "risk": {
    "risk_per_trade": 0.03,
    "max_position_pct": 0.35,
    "max_trades_per_day": 100,
    "cooldown_sec": 25,
    "stop_atr_mult": 1.5,
    "tp_atr_mult": 3.8,
    "trail_atr_mult": 1.0,
    "exit_on_opposite_signal": true,
    "scale_out": {
      "enabled": true,
      "tp1_atr_mult": 2.0,
      "tp2_atr_mult": 3.0,
      "tp3_atr_mult": 4.0,
      "tp1_pct": 0.25,
      "tp2_pct": 0.25,
      "tp3_pct": 0.5,
      "move_stop_to_be": true
    },
    "break_even": {
      "enabled": true,
      "trigger_atr_mult": 1.0,
      "trigger_pct": 0.0,
      "fee_bps": 10,
      "buffer_bps": 2
    },
    "trailing": {
      "mode": "atr",
      "atr_mult": 1.0,
      "step_trigger_atr_mult": 0.75,
      "step_atr_mult": 1.0,
      "structure_lookback": 20
    },
    "time_exit": {
      "enabled": true,
      "minutes": 60,
      "min_move_atr": 0.4,
      "action": "partial",
      "partial_pct": 0.5
    },
    "volatility_throttle": {
      "enabled": true,
      "atr_pct_high": 0.06,
      "spike_mult": 1.8,
      "reduce_pct": 0.25,
      "cooldown_sec": 600
    },
    "portfolio": {
      "max_positions": 30,
      "max_symbol_exposure_pct": 0.35,
      "max_total_exposure_pct": 1.25
    },
    "dca": {
      "allow_in_trend": false,
      "allow_in_high_vol": false
    },
    "pyramid": {
      "allow_outside_trend": false,
      "allow_in_high_vol": false
    }
  },
  "strategy": {
    "entry_threshold": 0.75,
    "exit_threshold": 0.25,
    "trend_filter": true,
    "regime_filter": true
  },
  "execution": {
    "type": "twap",
    "twap": {
      "slices": 6,
      "seconds": 90,
      "min_slice_usd": 10,
      "randomize": true,
      "auto": true,
      "auto_notional_usd": 150,
      "max_concurrent": 3
    }
  },
  "news": {
    "enabled": false
  },
  "sentiment": {
    "enabled": false,
    "weight": 0.4,
    "news_weight": 0.7,
    "onchain_weight": 0.3
  },
  "decision_factor": {
    "enabled": true,
    "plan_ttl_sec": 3600,
    "maker_spread_bps": 35,
    "weights": {
      "regime": 0.35,
      "micro_model": 0.2,
      "backtest": 0.25,
      "ai_brain": 0.15,
      "llm": 0.05
    },
    "backtest": {
      "enabled": true,
      "min_signal_strength": 1.3,
      "bars": 600,
      "horizon_bars": 60,
      "max_tactics": 4
    },
    "tactics": {
      "trend_follow": {
        "stop_atr_mult": 2.5,
        "tp_atr_mult": 4.2,
        "risk_mult": 1.0,
        "trailing": {
          "mode": "step",
          "step_trigger_atr_mult": 0.75,
          "step_atr_mult": 2.0
        }
      },
      "range_reversion": {
        "stop_atr_mult": 2.5,
        "tp_atr_mult": 3.0,
        "risk_mult": 0.9,
        "trailing": {
          "mode": "atr",
          "atr_mult": 2.0
        }
      },
      "high_vol_event": {
        "stop_atr_mult": 3.0,
        "tp_atr_mult": 3.0,
        "risk_mult": 0.7,
        "trailing": {
          "mode": "off"
        },
        "time_exit": {
          "enabled": true,
          "minutes": 30,
          "action": "partial",
          "partial_pct": 0.5
        }
      },
      "none": {}
    }
  }
}