symbol,trades,win_rate,return_pct,max_dd,profit_factor,equity_end,note
BTC/USDT,0,0.0,0.0,0.0,0.0,0.0,ERROR: 'BacktestResult' object has no attribute 'win_rate_pct'
ETH/USDT,0,0.0,0.0,0.0,0.0,0.0,ERROR: 'BacktestResult' object has no attribute 'win_rate_pct'
BNB/USDT,0,0.0,0.0,0.0,0.0,0.0,ERROR: 'BacktestResult' object has no attribute 'win_rate_pct'
SOL/USDT,0,0.0,0.0,0.0,0.0,0.0,ERROR: 'BacktestResult' object has no attribute 'win_rate_pct'
XRP/USDT,0,0.0,0.0,0.0,0.0,0.0,ERROR: 'BacktestResult' object has no attribute 'win_rate_pct'
ADA/USDT,0,0.0,0.0,0.0,0.0,0.0,ERROR: 'BacktestResult' object has no attribute 'win_rate_pct'
DOGE/USDT,0,0.0,0.0,0.0,0.0,0.0,ERROR: 'BacktestResult' object has no attribute 'win_rate_pct'
