{
  "schema": 2,
  "mode": "paper",
  "exchange": "binance",
  "position_meta": {},
  "reentry_state": {
    "CHZ/USDT:USDT": {
      "ts": 1769357721.7400389,
      "reason": "stop_loss",
      "outcome": "stop",
      "side": "long",
      "realized": -4.056398499999987
    },
    "FHE/USDT:USDT": {
      "ts": 1769357762.3063107,
      "reason": "signal_exit",
      "outcome": "other",
      "side": "long",
      "realized": -1.6111842299999852
    },
    "APT/USDT:USDT": {
      "ts": 1769359570.2441251,
      "reason": "take_profit",
      "outcome": "tp",
      "side": "short",
      "realized": 4.5526882499999966
    },
    "IP/USDT:USDT": {
      "ts": 1769365963.3462846,
      "reason": "stop_loss",
      "outcome": "stop",
      "side": "long",
      "realized": -4.58051999999997
    },
    "PIPPIN/USDT:USDT": {
      "ts": 1769448814.6143389,
      "reason": "take_profit",
      "outcome": "tp",
      "side": "short",
      "realized": 15.045218650000013
    },
    "TRX/USDT:USDT": {
      "ts": 1769449613.1983085,
      "reason": "signal_exit",
      "outcome": "other",
      "side": "short",
      "realized": 0.12711932000000958
    },
    "LTC/USDT:USDT": {
      "ts": 1769452551.6217425,
      "reason": "stop_loss",
      "outcome": "stop",
      "side": "short",
      "realized": -0.26379983999999923
    },
    "ZRO/USDT:USDT": {
      "ts": 1769889035.7650306,
      "reason": "manual_close_all",
      "outcome": "other",
      "side": "long",
      "realized": -18.25663878666667
    },
    "BEAMX/USDT:USDT": {
      "ts": 1769889036.0250628,
      "reason": "manual_close_all",
      "outcome": "other",
      "side": "long",
      "realized": -37.43181448499997
    },
    "SAND/USDT:USDT": {
      "ts": 1769889036.2840292,
      "reason": "manual_close_all",
      "outcome": "other",
      "side": "long",
      "realized": -0.06689172999999998
    },
    "XLM/USDT:USDT": {
      "ts": 1769889036.553365,
      "reason": "manual_close_all",
      "outcome": "other",
      "side": "long",
      "realized": -0.6530113999999998
    },
    "OP/USDT:USDT": {
      "ts": 1769889036.809365,
      "reason": "manual_close_all",
      "outcome": "other",
      "side": "long",
      "realized": -0.929586900000006
    },
    "SYN/USDT:USDT": {
      "ts": 1769902007.3456342,
      "reason": "take_profit",
      "outcome": "tp",
      "side": "long",
      "realized": 21.594673500000003
    },
    "HBAR/USDT:USDT": {
      "ts": 1769931622.7836056,
      "reason": "stop_loss",
      "outcome": "stop",
      "side": "long",
      "realized": -0.3853686799999789
    },
    "VIRTUAL/USDT:USDT": {
      "ts": 1769933063.4045665,
      "reason": "stop_loss",
      "outcome": "stop",
      "side": "long",
      "realized": -1.2485186999999922
    },
    "AVAX/USDT:USDT": {
      "ts": 1769934381.6519682,
      "reason": "stop_loss",
      "outcome": "stop",
      "side": "long",
      "realized": 0.07987950000001831
    },
    "DOGE/USDT:USDT": {
      "ts": 1769935080.4795213,
      "reason": "take_profit",
      "outcome": "tp",
      "side": "long",
      "realized": 3.9357948000000014
    },
    "ENA/USDT:USDT": {
      "ts": 1769935106.1031482,
      "reason": "take_profit",
      "outcome": "tp",
      "side": "long",
      "realized": 3.9125111000000024
    },
    "PENGU/USDT:USDT": {
      "ts": 1769935175.9873135,
      "reason": "take_profit",
      "outcome": "tp",
      "side": "long",
      "realized": 5.165734198500013
    },
    "ROSE/USDT:USDT": {
      "ts": 1769935203.4303524,
      "reason": "take_profit",
      "outcome": "tp",
      "side": "long",
      "realized": 1.8382038600000024
    },
    "TIA/USDT:USDT": {
      "ts": 1769950300.8776464,
      "reason": "manual_close_all",
      "outcome": "other",
      "side": "short",
      "realized": 2.063682000000042
    },
    "DOT/USDT:USDT": {
      "ts": 1769940999.8266034,
      "reason": "signal_exit",
      "outcome": "other",
      "side": "short",
      "realized": -0.9486720000000006
    },
    "WLD/USDT:USDT": {
      "ts": 1769936636.500708,
      "reason": "signal_exit",
      "outcome": "other",
      "side": "long",
      "realized": -2.5662986999999826
    },
    "TRUMP/USDT:USDT": {
      "ts": 1769941020.134217,
      "reason": "signal_exit",
      "outcome": "other",
      "side": "short",
      "realized": -3.344680500000017
    },
    "UNI/USDT:USDT": {
      "ts": 1769942261.8270495,
      "reason": "stop_loss",
      "outcome": "stop",
      "side": "long",
      "realized": -0.6981940000000062
    },
    "ICP/USDT:USDT": {
      "ts": 1769942306.193546,
      "reason": "stop_loss",
      "outcome": "stop",
      "side": "long",
      "realized": -0.021479999999978183
    },
    "ETC/USDT:USDT": {
      "ts": 1769942352.0959134,
      "reason": "stop_loss",
      "outcome": "stop",
      "side": "long",
      "realized": -2.414422499999981
    },
    "FET/USDT:USDT": {
      "ts": 1769942372.6671584,
      "reason": "stop_loss",
      "outcome": "stop",
      "side": "long",
      "realized": 1.1881788000000018
    },
    "ADA/USDT:USDT": {
      "ts": 1769942470.5802147,
      "reason": "stop_loss",
      "outcome": "stop",
      "side": "long",
      "realized": -0.29214179999997814
    },
    "LINK/USDT:USDT": {
      "ts": 1769942509.535601,
      "reason": "stop_loss",
      "outcome": "stop",
      "side": "long",
      "realized": -2.5599779999999868
    },
    "AAVE/USDT:USDT": {
      "ts": 1769942554.797945,
      "reason": "stop_loss",
      "outcome": "stop",
      "side": "long",
      "realized": -1.2730749999999915
    },
    "NEAR/USDT:USDT": {
      "ts": 1769942818.5567927,
      "reason": "stop_loss",
      "outcome": "stop",
      "side": "long",
      "realized": -3.1909924999999717
    },
    "1000SHIB/USDT:USDT": {
      "ts": 1769946305.8678215,
      "reason": "stop_loss",
      "outcome": "stop",
      "side": "short",
      "realized": 0.044521095999999524
    },
    "TAO/USDT:USDT": {
      "ts": 1769949350.8920577,
      "reason": "stop_loss",
      "outcome": "stop",
      "side": "short",
      "realized": 0.2237125000000617
    },
    "DASH/USDT:USDT": {
      "ts": 1769950013.0709043,
      "reason": "signal_exit",
      "outcome": "other",
      "side": "short",
      "realized": -1.9889962499999623
    },
    "INIT/USDT:USDT": {
      "ts": 1769950299.139799,
      "reason": "manual_close_all",
      "outcome": "other",
      "side": "long",
      "realized": 1.5201102000000128
    },
    "CRV/USDT:USDT": {
      "ts": 1769950299.450668,
      "reason": "manual_close_all",
      "outcome": "other",
      "side": "long",
      "realized": -0.07196099999999594
    },
    "BERA/USDT:USDT": {
      "ts": 1769950299.739566,
      "reason": "manual_close_all",
      "outcome": "other",
      "side": "long",
      "realized": -5.5660704999999675
    },
    "JUP/USDT:USDT": {
      "ts": 1769950300.0866473,
      "reason": "manual_close_all",
      "outcome": "other",
      "side": "long",
      "realized": -1.4322893499999958
    },
    "FIL/USDT:USDT": {
      "ts": 1769950300.3559449,
      "reason": "manual_close_all",
      "outcome": "other",
      "side": "long",
      "realized": -0.1369642499999676
    },
    "GALA/USDT:USDT": {
      "ts": 1769950300.6125064,
      "reason": "manual_close_all",
      "outcome": "other",
      "side": "short",
      "realized": 3.765442433333305
    },
    "XRP/USDT:USDT": {
      "ts": 1769950301.1987057,
      "reason": "manual_close_all",
      "outcome": "other",
      "side": "short",
      "realized": 0.30433104500012464
    },
    "SEI/USDT:USDT": {
      "ts": 1769950301.4630182,
      "reason": "manual_close_all",
      "outcome": "other",
      "side": "short",
      "realized": -0.28842599999990937
    },
    "ONDO/USDT:USDT": {
      "ts": 1769950301.7683287,
      "reason": "manual_close_all",
      "outcome": "other",
      "side": "short",
      "realized": 0.05201473500000249
    },
    "WIF/USDT:USDT": {
      "ts": 1769950302.0291514,
      "reason": "manual_close_all",
      "outcome": "other",
      "side": "short",
      "realized": -0.020332549999999713
    }
  },
  "positions": [],
  "pending_orders": [],
  "paper": {
    "initial_cash": 2000.0,
    "cash": 1876.3501860673052,
    "positions": {},
    "realized_pnl_gross": -42.81964535649215,
    "fees_paid": 80.83016857620342
  },
  "ts": "2026-02-01T12:55:00.468622+00:00"
}