{
  "ok": true,
  "summary": {
    "pass": 21,
    "warn": 0,
    "fail": 0,
    "ok": true
  },
  "results": [
    {
      "name": "python_env",
      "status": "PASS",
      "ms": 19,
      "message": "Python 3.10.0 (Windows 10)",
      "meta": {
        "python": "3.10.0",
        "platform": "Windows-10-10.0.22631-SP0",
        "executable": "D:\\bot_new\\.venv\\Scripts\\python.exe"
      }
    },
    {
      "name": "project_layout",
      "status": "PASS",
      "ms": 0,
      "message": "cwd=D:\\bot_new",
      "meta": {
        "cwd": "D:\\bot_new",
        "project_root": "D:\\bot_new",
        "has_app_dir": true,
        "has_profiles_dir": true,
        "has_tools_dir": true
      }
    },
    {
      "name": "config_sanity",
      "status": "PASS",
      "ms": 0,
      "message": "mode=paper, exchange=binance, enable_futures=True",
      "meta": {
        "mode": "paper",
        "exchange": "binance",
        "enable_futures": true
      }
    },
    {
      "name": "filesystem_permissions",
      "status": "PASS",
      "ms": 0,
      "message": "filesystem OK",
      "meta": {
        "logs_dir": "D:\\bot_new\\logs",
        "sqlite_dir": "."
      }
    },
    {
      "name": "compile_app",
      "status": "PASS",
      "ms": 371,
      "message": "compiled_ok files=77",
      "meta": {
        "compiled": 77,
        "path": "D:\\bot_new\\app",
        "ms": 371
      }
    },
    {
      "name": "import_check",
      "status": "PASS",
      "ms": 0,
      "message": "imports_ok modules=6",
      "meta": {
        "ok": 6,
        "ms": 0
      }
    },
    {
      "name": "deps_ccxt",
      "status": "PASS",
      "ms": 0,
      "message": "ccxt import OK",
      "meta": {}
    },
    {
      "name": "deps_numpy_pandas",
      "status": "PASS",
      "ms": 0,
      "message": "numpy/pandas import OK",
      "meta": {}
    },
    {
      "name": "exchange_connectivity",
      "status": "PASS",
      "ms": 4957,
      "message": "markets=4210, ticker_symbol=BTC/USDT",
      "meta": {
        "markets": 4210,
        "ticker_symbol": "BTC/USDT",
        "last": 76658.6,
        "ohlcv_rows": 30,
        "timeframe": "15m"
      }
    },
    {
      "name": "websocket_module",
      "status": "PASS",
      "ms": 0,
      "message": "marketdata_ws import OK",
      "meta": {}
    },
    {
      "name": "sqlite_store",
      "status": "PASS",
      "ms": 193,
      "message": "sqlite init OK (path=bot.db)",
      "meta": {
        "path": "bot.db"
      }
    },
    {
      "name": "market_guard_module",
      "status": "PASS",
      "ms": 0,
      "message": "market_guard import OK",
      "meta": {}
    },
    {
      "name": "autonomy_module",
      "status": "PASS",
      "ms": 0,
      "message": "autonomy import OK (enabled=True)",
      "meta": {
        "enabled": true
      }
    },
    {
      "name": "ai_brain_module",
      "status": "PASS",
      "ms": 0,
      "message": "ai_brain import OK (optional)",
      "meta": {}
    },
    {
      "name": "strategy_module",
      "status": "PASS",
      "ms": 0,
      "message": "strategy import OK",
      "meta": {}
    },
    {
      "name": "indicators_module",
      "status": "PASS",
      "ms": 0,
      "message": "indicators import OK (atr/ema OK)",
      "meta": {}
    },
    {
      "name": "micro_model_module",
      "status": "PASS",
      "ms": 0,
      "message": "micro_model import OK",
      "meta": {}
    },
    {
      "name": "paper_module",
      "status": "PASS",
      "ms": 0,
      "message": "paper import OK",
      "meta": {}
    },
    {
      "name": "state_module",
      "status": "PASS",
      "ms": 0,
      "message": "state import OK",
      "meta": {}
    },
    {
      "name": "compile_modules",
      "status": "PASS",
      "ms": 0,
      "message": "ok",
      "meta": {
        "ok": true,
        "duration_sec": 0.795,
        "compiled": 177,
        "failed_count": 0,
        "failed": []
      }
    },
    {
      "name": "import_smoke",
      "status": "PASS",
      "ms": 0,
      "message": "ok",
      "meta": {
        "ok": true,
        "failed_count": 0,
        "failed": []
      }
    }
  ],
  "loaded_modules": [
    "app.ai_brain",
    "app.api",
    "app.approvals",
    "app.audit",
    "app.autonomy",
    "app.backtest",
    "app.backtest_micro",
    "app.capabilities",
    "app.config",
    "app.data_validator",
    "app.decision_factor",
    "app.engine",
    "app.exchange",
    "app.execution_router",
    "app.health",
    "app.indicators",
    "app.llm_cloud",
    "app.llm_local",
    "app.llm_ollama",
    "app.llm_router",
    "app.market_guard",
    "app.market_intel",
    "app.marketdata_ws",
    "app.meta_strategy",
    "app.metrics",
    "app.micro_model",
    "app.notifier",
    "app.online_ml",
    "app.order_lifecycle",
    "app.paper",
    "app.param_evolver",
    "app.portfolio",
    "app.portfolio_snapshot",
    "app.position_fsm",
    "app.records",
    "app.regime_detector",
    "app.risk_state",
    "app.self_tuner",
    "app.selftest",
    "app.state",
    "app.store_sqlite",
    "app.strategy",
    "app.symbol_policy",
    "app.telemetry",
    "app.trace",
    "app.utils",
    "app.watchdog",
    "ccxt",
    "numpy",
    "pandas"
  ]
}