{
  "mode": "paper",
  "exchange": "binance",
  "enable_futures": true,
  "api_key": "",
  "api_secret": "",
  "sandbox": false,
  "bybit_testnet": false,
  "quote_asset": "USDT",
  "signal_timeframe": "15m",
  "trend_timeframe": "4h",
  "ohlcv_limit": 500,
  "max_pairs": 15,
  "pair_refresh_sec": 300,
  "scan_interval_sec": 10,
  "pair_filters": {
    "min_quote_volume_usd": 1000000,
    "min_price_usd": 0.0001,
    "max_spread_bps": 35,
    "exclude_leveraged_tokens": true,
    "whitelist": [],
    "blacklist": [
      "USDC/USDT",
      "FDUSD/USDT",
      "TUSD/USDT"
    ]
  },
  "execution": {
    "type": "maker_limit",
    "leverage": 10,
    "post_only": false,
    "maker_offset_bps": 2.0,
    "repost_sec": 20,
    "max_reposts": 5,
    "allow_market_fallback": true,
    "retry": {
      "enabled": true,
      "max_retries": 6,
      "base_delay_ms": 250,
      "max_delay_ms": 5000,
      "jitter_ms": 250
    },
    "idempotency": {
      "enabled": true,
      "prefix": "bot"
    }
  },
  "micro_model": {
    "enabled": true,
    "orderbook_depth": 20,
    "max_spread_bps_for_maker": 40.0,
    "min_p_fill_for_maker": 0.2,
    "dynamic_offset": true,
    "offset_min_bps": 1.0,
    "offset_max_bps": 15.0,
    "k_distance": 0.22,
    "k_vol": 8.0,
    "use_imbalance": true
  },
  "websocket": {
    "enabled": true,
    "provider": "native",
    "symbols_max": 60,
    "reconnect_sec": 5
  },
  "paper": {
    "initial_cash_quote": 2000.0,
    "taker_fee_rate": 0.0005,
    "maker_fee_rate": 0.0002,
    "market_slippage_bps": 5.0,
    "limit_slippage_bps": 0.0,
    "limit_fill_model": {
      "near_bps": 10.0,
      "p_near": 0.4,
      "timeout_sec": 240,
      "timeout_action": "market"
    }
  },
  "risk": {
    "risk_per_trade": 0.03,
    "max_position_pct": 0.25,
    "max_open_positions": 5,
    "cooldown_sec": 60,
    "atr_period": 14,
    "stop_atr_mult": 2.5,
    "tp_atr_mult": 4.0,
    "use_trailing": true,
    "trail_atr_mult": 2.0,
    "volatility_pause_atr_pct": 0.05,
    "scale_out": {
      "enabled": true,
      "tp1_atr_mult": 2.0,
      "tp1_pct": 0.25,
      "move_stop_to_be": true,
      "tp2_atr_mult": 3.0,
      "tp3_atr_mult": 4.0,
      "tp2_pct": 0.25,
      "tp3_pct": 0.5
    },
    "kill_switch": {
      "max_daily_loss_pct": 0.1,
      "max_drawdown_pct": 0.15,
      "max_trades_per_day": 100,
      "close_all_on_halt": true,
      "intraday_shock": {
        "enabled": true,
        "window_min": 60,
        "drop_pct": 0.1
      }
    },
    "portfolio": {
      "correlation_filter": {
        "enabled": true,
        "lookback": 120,
        "max_corr": 0.85
      },
      "sector_limit": {
        "enabled": false,
        "max_per_tag": 2,
        "tags": {}
      },
      "max_positions": 5,
      "max_symbol_exposure_pct": 0.35,
      "max_total_exposure_pct": 1.25
    },
    "break_even": {
      "enabled": true,
      "trigger_atr_mult": 1.0,
      "trigger_pct": 0.0,
      "fee_bps": 10,
      "buffer_bps": 2
    },
    "trailing": {
      "mode": "atr",
      "atr_mult": 2.0,
      "step_trigger_atr_mult": 0.75,
      "step_atr_mult": 2.0,
      "structure_lookback": 20
    },
    "time_exit": {
      "enabled": true,
      "minutes": 60,
      "min_move_atr": 0.4,
      "action": "partial",
      "partial_pct": 0.5
    },
    "volatility_throttle": {
      "enabled": true,
      "atr_pct_high": 0.06,
      "spike_mult": 1.8,
      "reduce_pct": 0.25,
      "cooldown_sec": 600
    },
    "dca": {
      "allow_in_trend": false,
      "allow_in_high_vol": false
    },
    "pyramid": {
      "allow_outside_trend": false,
      "allow_in_high_vol": false
    }
  },
  "strategies": {
    "ema_cross": {
      "enabled": true,
      "fast": 9,
      "slow": 21
    },
    "rsi_reversion": {
      "enabled": true,
      "period": 14,
      "buy_below": 35,
      "sell_above": 65
    },
    "donchian_breakout": {
      "enabled": false,
      "lookback": 20
    },
    "momentum_filter": {
      "enabled": true,
      "lookback": 10,
      "min_return": 0.005
    },
    "mtf_confirm": {
      "enabled": true,
      "require_trend_agree": false
    },
    "regime": {
      "enabled": false,
      "mode": "auto"
    }
  },
  "signal_thresholds": {
    "buy": 1.2,
    "sell": -1.2
  },
  "auto_opt": {
    "enabled": false
  },
  "metrics": {
    "enabled": true,
    "prometheus": {
      "enabled": true,
      "port": 9108
    }
  },
  "state": {
    "enable_persistence": true,
    "resume_on_start": true,
    "save_interval_sec": 30,
    "path": "state.json"
  },
  "watchdog": {
    "enabled": true,
    "max_consecutive_errors": 10,
    "pause_sec": 60,
    "backoff_factor": 1.5,
    "max_pause_sec": 900,
    "auto_resume": true
  },
  "paths": {
    "log_file": "logs/bot.log",
    "trades_csv": "trades.csv"
  },
  "quote_assets": [
    "USDT"
  ],
  "api": {
    "enabled": false,
    "host": "127.0.0.1",
    "port": 8000
  },
  "approvals": {
    "enabled": false,
    "timeout_sec": 300,
    "require_for_live": false,
    "require_for_paper": false
  },
  "sqlite": {
    "enabled": true,
    "path": "bot.db"
  },
  "notifier": {
    "enabled": false
  },
  "market_guard": {
    "enabled": true,
    "timeframe": "5m",
    "symbols": [
      "BTC/USDT",
      "ETH/USDT"
    ],
    "atr_period": 14,
    "atr_pct_halt": 0.04,
    "cooldown_sec": 300,
    "breadth_universe_max": 40,
    "breadth_drop_pct": 0.7,
    "breadth_lookback_bars": 6
  },
  "decision_factor": {
    "enabled": true,
    "plan_ttl_sec": 3600,
    "maker_spread_bps": 35,
    "weights": {
      "regime": 0.35,
      "micro_model": 0.2,
      "backtest": 0.25,
      "ai_brain": 0.15,
      "llm": 0.05
    },
    "backtest": {
      "enabled": true,
      "min_signal_strength": 1.3,
      "bars": 600,
      "horizon_bars": 60,
      "max_tactics": 4
    },
    "tactics": {
      "trend_follow": {
        "stop_atr_mult": 2.5,
        "tp_atr_mult": 4.2,
        "risk_mult": 1.0,
        "trailing": {
          "mode": "step",
          "step_trigger_atr_mult": 0.75,
          "step_atr_mult": 2.0
        }
      },
      "range_reversion": {
        "stop_atr_mult": 2.5,
        "tp_atr_mult": 3.0,
        "risk_mult": 0.9,
        "trailing": {
          "mode": "atr",
          "atr_mult": 2.0
        }
      },
      "high_vol_event": {
        "stop_atr_mult": 3.0,
        "tp_atr_mult": 3.0,
        "risk_mult": 0.7,
        "trailing": {
          "mode": "off"
        },
        "time_exit": {
          "enabled": true,
          "minutes": 30,
          "action": "partial",
          "partial_pct": 0.5
        }
      },
      "none": {}
    }
  }
}