{
  "mode": "paper",
  "exchange": "binance",
  "api_key": "",
  "api_secret": "",
  "sandbox": false,
  "bybit_testnet": false,
  "quote_asset": "USDT",
  "signal_timeframe": "5m",
  "trend_timeframe": "1h",
  "ohlcv_limit": 500,
  "max_pairs": 8,
  "pair_refresh_sec": 900,
  "scan_interval_sec": 15,
  "pair_filters": {
    "min_quote_volume_usd": 10000000,
    "min_price_usd": 0.01,
    "max_spread_bps": 25,
    "exclude_leveraged_tokens": true,
    "whitelist": [],
    "blacklist": []
  },
  "execution": {
    "type": "maker_limit",
    "post_only": true,
    "maker_offset_bps": 2.0,
    "repost_sec": 15,
    "max_reposts": 8,
    "allow_market_fallback": true,
    "retry": {
      "enabled": true,
      "max_retries": 6,
      "base_delay_ms": 250,
      "max_delay_ms": 5000,
      "jitter_ms": 250
    },
    "idempotency": {
      "enabled": true,
      "prefix": "bot"
    },
    "smart_limit": {
      "edge_bps": 6,
      "max_move_bps": 25,
      "max_wait_sec": 15
    }
  },
  "micro_model": {
    "enabled": true,
    "orderbook_depth": 20,
    "max_spread_bps_for_maker": 35.0,
    "min_p_fill_for_maker": 0.25,
    "dynamic_offset": true,
    "offset_min_bps": 1.0,
    "offset_max_bps": 14.0,
    "k_distance": 0.22,
    "k_vol": 8.0,
    "use_imbalance": true
  },
  "websocket": {
    "enabled": true,
    "provider": "native",
    "symbols_max": 60,
    "reconnect_sec": 5
  },
  "paper": {
    "initial_cash_quote": 2000.0,
    "taker_fee_rate": 0.001,
    "maker_fee_rate": 0.0008,
    "market_slippage_bps": 8.0,
    "limit_slippage_bps": 0.0,
    "limit_fill_model": {
      "near_bps": 6.0,
      "p_near": 0.35,
      "timeout_sec": 240,
      "timeout_action": "cancel"
    }
  },
  "risk": {
    "risk_per_trade": 0.003,
    "max_position_pct": 0.1,
    "max_open_positions": 2,
    "cooldown_sec": 120,
    "atr_period": 14,
    "stop_atr_mult": 2.5,
    "tp_atr_mult": 3.5,
    "use_trailing": true,
    "trail_atr_mult": 2.0,
    "volatility_pause_atr_pct": 0.03,
    "scale_out": {
      "enabled": true,
      "tp1_atr_mult": 2.0,
      "tp1_pct": 0.25,
      "move_stop_to_be": true,
      "tp2_atr_mult": 3.0,
      "tp3_atr_mult": 4.0,
      "tp2_pct": 0.25,
      "tp3_pct": 0.5
    },
    "kill_switch": {
      "max_daily_loss_pct": 0.03,
      "max_drawdown_pct": 0.08,
      "max_trades_per_day": 50,
      "close_all_on_halt": false,
      "intraday_shock": {
        "enabled": true,
        "window_min": 30,
        "drop_pct": 0.015
      }
    },
    "portfolio": {
      "correlation_filter": {
        "enabled": true,
        "lookback": 120,
        "max_corr": 0.8
      },
      "sector_limit": {
        "enabled": false,
        "max_per_tag": 2,
        "tags": {}
      },
      "max_positions": 2,
      "max_symbol_exposure_pct": 0.35,
      "max_total_exposure_pct": 1.25
    },
    "break_even": {
      "enabled": true,
      "trigger_atr_mult": 1.0,
      "trigger_pct": 0.0,
      "fee_bps": 10,
      "buffer_bps": 2
    },
    "trailing": {
      "mode": "atr",
      "atr_mult": 2.0,
      "step_trigger_atr_mult": 0.75,
      "step_atr_mult": 2.0,
      "structure_lookback": 20
    },
    "time_exit": {
      "enabled": true,
      "minutes": 60,
      "min_move_atr": 0.4,
      "action": "partial",
      "partial_pct": 0.5
    },
    "volatility_throttle": {
      "enabled": true,
      "atr_pct_high": 0.06,
      "spike_mult": 1.8,
      "reduce_pct": 0.25,
      "cooldown_sec": 600
    },
    "dca": {
      "allow_in_trend": false,
      "allow_in_high_vol": false
    },
    "pyramid": {
      "allow_outside_trend": false,
      "allow_in_high_vol": false
    }
  },
  "strategies": {
    "ema_cross": {
      "enabled": true,
      "fast": 12,
      "slow": 26
    },
    "rsi_reversion": {
      "enabled": true,
      "period": 14,
      "buy_below": 30,
      "sell_above": 70
    },
    "donchian_breakout": {
      "enabled": true,
      "lookback": 20
    },
    "momentum_filter": {
      "enabled": true,
      "lookback": 20,
      "min_return": 0.003
    },
    "mtf_confirm": {
      "enabled": true,
      "require_trend_agree": true
    },
    "regime": {
      "enabled": true,
      "mode": "auto"
    }
  },
  "auto_opt": {
    "enabled": false,
    "interval_hours": 12,
    "walk_forward": {
      "train_frac": 0.7,
      "candidates": {
        "ema_fast": [
          8,
          12,
          16
        ],
        "ema_slow": [
          21,
          26,
          34
        ],
        "rsi_buy": [
          28,
          30,
          32
        ],
        "rsi_sell": [
          68,
          70,
          72
        ]
      }
    }
  },
  "metrics": {
    "enabled": true,
    "prometheus": {
      "enabled": true,
      "port": 9108
    }
  },
  "state": {
    "enable_persistence": true,
    "resume_on_start": false,
    "save_interval_sec": 30,
    "path": "state.json"
  },
  "watchdog": {
    "enabled": true,
    "max_consecutive_errors": 8,
    "pause_sec": 120,
    "backoff_factor": 1.7,
    "max_pause_sec": 1800,
    "auto_resume": true
  },
  "paths": {
    "log_file": "logs/bot.log",
    "trades_csv": "trades.csv"
  },
  "quote_assets": [
    "USDT",
    "USDC"
  ],
  "api": {
    "enabled": false,
    "host": "127.0.0.1",
    "port": 8000
  },
  "approvals": {
    "enabled": true,
    "timeout_sec": 300,
    "require_for_live": true,
    "require_for_paper": false
  },
  "sqlite": {
    "enabled": true,
    "path": "bot.db"
  },
  "notifier": {
    "enabled": false,
    "telegram": {
      "enabled": false,
      "bot_token": "",
      "chat_id": ""
    },
    "email": {
      "enabled": false,
      "smtp_host": "",
      "smtp_port": 587,
      "username": "",
      "password": "",
      "to": "",
      "use_tls": true
    }
  },
  "market_guard": {
    "enabled": true,
    "timeframe": "5m",
    "symbols": [
      "BTC/USDT",
      "ETH/USDT"
    ],
    "atr_period": 14,
    "atr_pct_halt": 0.02,
    "cooldown_sec": 300,
    "breadth_universe_max": 40,
    "breadth_drop_pct": 0.65,
    "breadth_lookback_bars": 6
  },
  "decision_factor": {
    "enabled": true,
    "plan_ttl_sec": 3600,
    "maker_spread_bps": 35,
    "weights": {
      "regime": 0.35,
      "micro_model": 0.2,
      "backtest": 0.25,
      "ai_brain": 0.15,
      "llm": 0.05
    },
    "backtest": {
      "enabled": true,
      "min_signal_strength": 1.3,
      "bars": 600,
      "horizon_bars": 60,
      "max_tactics": 4
    },
    "tactics": {
      "trend_follow": {
        "stop_atr_mult": 2.5,
        "tp_atr_mult": 4.2,
        "risk_mult": 1.0,
        "trailing": {
          "mode": "step",
          "step_trigger_atr_mult": 0.75,
          "step_atr_mult": 2.0
        }
      },
      "range_reversion": {
        "stop_atr_mult": 2.5,
        "tp_atr_mult": 3.0,
        "risk_mult": 0.9,
        "trailing": {
          "mode": "atr",
          "atr_mult": 2.0
        }
      },
      "high_vol_event": {
        "stop_atr_mult": 3.0,
        "tp_atr_mult": 3.0,
        "risk_mult": 0.7,
        "trailing": {
          "mode": "off"
        },
        "time_exit": {
          "enabled": true,
          "minutes": 30,
          "action": "partial",
          "partial_pct": 0.5
        }
      },
      "none": {}
    }
  }
}