id,created_ts,symbol,action,strength,reason,approval_id,status,meta_json
1,1767960920.3746545,BTC/USDT:USDT,sell,-1.2147787421987442,EMA cross DOWN | Regime -0.06,,computed,"{""symbol"": ""BTC/USDT:USDT"", ""price"": 90367.1, ""score_raw"": -1.2147787421987442, ""score"": -1.2147787421987442, ""buy_threshold"": 1.0, ""sell_threshold"": -1.0, ""components"": {""ema_cross"": -1.0, ""regime"": -0.014778742198744237, ""trend_bias"": -0.2}, ""extras"": {""ema_fast"": 90435.77968654467, ""ema_slow"": 90441.61825549329, ""rsi"": 44.45583296246549, ""donchian_upper"": 90638.5, ""donchian_lower"": 90318.2, ""momentum"": -0.0012764885182344754, ""regime"": -0.05911496879497695, ""trend_bias"": -1.0}}"
2,1767960940.397223,BTC/USDT:USDT,sell,-1.2147787421987442,EMA cross DOWN | Regime -0.06,,computed,"{""symbol"": ""BTC/USDT:USDT"", ""price"": 90367.1, ""score_raw"": -1.2147787421987442, ""score"": -1.2147787421987442, ""buy_threshold"": 1.0, ""sell_threshold"": -1.0, ""components"": {""ema_cross"": -1.0, ""regime"": -0.014778742198744237, ""trend_bias"": -0.2}, ""extras"": {""ema_fast"": 90435.77968654467, ""ema_slow"": 90441.61825549329, ""rsi"": 44.45583296246549, ""donchian_upper"": 90638.5, ""donchian_lower"": 90318.2, ""momentum"": -0.0012764885182344754, ""regime"": -0.05911496879497695, ""trend_bias"": -1.0}}"
3,1767960960.4652026,BTC/USDT:USDT,sell,-1.2147787421987442,EMA cross DOWN | Regime -0.06,,computed,"{""symbol"": ""BTC/USDT:USDT"", ""price"": 90367.1, ""score_raw"": -1.2147787421987442, ""score"": -1.2147787421987442, ""buy_threshold"": 1.0, ""sell_threshold"": -1.0, ""components"": {""ema_cross"": -1.0, ""regime"": -0.014778742198744237, ""trend_bias"": -0.2}, ""extras"": {""ema_fast"": 90435.77968654467, ""ema_slow"": 90441.61825549329, ""rsi"": 44.45583296246549, ""donchian_upper"": 90638.5, ""donchian_lower"": 90318.2, ""momentum"": -0.0012764885182344754, ""regime"": -0.05911496879497695, ""trend_bias"": -1.0}}"
4,1767960980.4660656,BTC/USDT:USDT,sell,-1.2147787421987442,EMA cross DOWN | Regime -0.06,,computed,"{""symbol"": ""BTC/USDT:USDT"", ""price"": 90367.1, ""score_raw"": -1.2147787421987442, ""score"": -1.2147787421987442, ""buy_threshold"": 1.0, ""sell_threshold"": -1.0, ""components"": {""ema_cross"": -1.0, ""regime"": -0.014778742198744237, ""trend_bias"": -0.2}, ""extras"": {""ema_fast"": 90435.77968654467, ""ema_slow"": 90441.61825549329, ""rsi"": 44.45583296246549, ""donchian_upper"": 90638.5, ""donchian_lower"": 90318.2, ""momentum"": -0.0012764885182344754, ""regime"": -0.05911496879497695, ""trend_bias"": -1.0}}"
5,1767960994.0726645,BTC/USDT:USDT,sell,-1.2147787421987442,EMA cross DOWN | Regime -0.06,,computed,"{""symbol"": ""BTC/USDT:USDT"", ""price"": 90367.1, ""score_raw"": -1.2147787421987442, ""score"": -1.2147787421987442, ""buy_threshold"": 1.0, ""sell_threshold"": -1.0, ""components"": {""ema_cross"": -1.0, ""regime"": -0.014778742198744237, ""trend_bias"": -0.2}, ""extras"": {""ema_fast"": 90435.77968654467, ""ema_slow"": 90441.61825549329, ""rsi"": 44.45583296246549, ""donchian_upper"": 90638.5, ""donchian_lower"": 90318.2, ""momentum"": -0.0012764885182344754, ""regime"": -0.05911496879497695, ""trend_bias"": -1.0}}"
6,1767964201.5901628,ZEC/USDT:USDT,sell,-1.1,Donchian DOWN,,computed,"{""symbol"": ""ZEC/USDT:USDT"", ""price"": 431.99, ""score_raw"": -1.1, ""score"": -1.1, ""buy_threshold"": 1.0, ""sell_threshold"": -1.0, ""components"": {""donchian"": -0.9, ""trend_bias"": -0.2}, ""extras"": {""ema_fast"": 434.5215748007894, ""ema_slow"": 434.84661316513655, ""rsi"": 38.912372390227326, ""donchian_upper"": 438.0, ""donchian_lower"": 431.76, ""momentum"": -0.008606049479047084, ""trend_bias"": -1.0}}"
7,1767964252.4184504,ZEC/USDT:USDT,sell,-1.5,Donchian DOWN | Momentum -1.39%,,computed,"{""symbol"": ""ZEC/USDT:USDT"", ""price"": 431.12, ""score_raw"": -1.5, ""score"": -1.5, ""buy_threshold"": 1.0, ""sell_threshold"": -1.0, ""components"": {""donchian"": -0.9, ""momentum"": -0.4, ""trend_bias"": -0.2}, ""extras"": {""ema_fast"": 433.9982556006679, ""ema_slow"": 434.57056774549676, ""rsi"": 36.46039148364645, ""donchian_upper"": 438.0, ""donchian_lower"": 430.0, ""momentum"": -0.013929233091649285, ""trend_bias"": -1.0}}"
8,1767964298.4689257,ZEC/USDT:USDT,sell,-1.5,Donchian DOWN | Momentum -1.39%,,computed,"{""symbol"": ""ZEC/USDT:USDT"", ""price"": 431.12, ""score_raw"": -1.5, ""score"": -1.5, ""buy_threshold"": 1.0, ""sell_threshold"": -1.0, ""components"": {""donchian"": -0.9, ""momentum"": -0.4, ""trend_bias"": -0.2}, ""extras"": {""ema_fast"": 433.9982556006679, ""ema_slow"": 434.57056774549676, ""rsi"": 36.46039148364645, ""donchian_upper"": 438.0, ""donchian_lower"": 430.0, ""momentum"": -0.013929233091649285, ""trend_bias"": -1.0}}"
9,1767964344.2413616,ZEC/USDT:USDT,sell,-1.5,Donchian DOWN | Momentum -1.39%,,computed,"{""symbol"": ""ZEC/USDT:USDT"", ""price"": 431.12, ""score_raw"": -1.5, ""score"": -1.5, ""buy_threshold"": 1.0, ""sell_threshold"": -1.0, ""components"": {""donchian"": -0.9, ""momentum"": -0.4, ""trend_bias"": -0.2}, ""extras"": {""ema_fast"": 433.9982556006679, ""ema_slow"": 434.57056774549676, ""rsi"": 36.46039148364645, ""donchian_upper"": 438.0, ""donchian_lower"": 430.0, ""momentum"": -0.013929233091649285, ""trend_bias"": -1.0}}"
10,1767964389.200647,ZEC/USDT:USDT,sell,-1.5,Donchian DOWN | Momentum -1.39%,,computed,"{""symbol"": ""ZEC/USDT:USDT"", ""price"": 431.12, ""score_raw"": -1.5, ""score"": -1.5, ""buy_threshold"": 1.0, ""sell_threshold"": -1.0, ""components"": {""donchian"": -0.9, ""momentum"": -0.4, ""trend_bias"": -0.2}, ""extras"": {""ema_fast"": 433.9982556006679, ""ema_slow"": 434.57056774549676, ""rsi"": 36.46039148364645, ""donchian_upper"": 438.0, ""donchian_lower"": 430.0, ""momentum"": -0.013929233091649285, ""trend_bias"": -1.0}}"
11,1767964435.3742712,ZEC/USDT:USDT,sell,-1.5,Donchian DOWN | Momentum -1.39%,,computed,"{""symbol"": ""ZEC/USDT:USDT"", ""price"": 431.12, ""score_raw"": -1.5, ""score"": -1.5, ""buy_threshold"": 1.0, ""sell_threshold"": -1.0, ""components"": {""donchian"": -0.9, ""momentum"": -0.4, ""trend_bias"": -0.2}, ""extras"": {""ema_fast"": 433.9982556006679, ""ema_slow"": 434.57056774549676, ""rsi"": 36.46039148364645, ""donchian_upper"": 438.0, ""donchian_lower"": 430.0, ""momentum"": -0.013929233091649285, ""trend_bias"": -1.0}}"
12,1767964482.0912368,ZEC/USDT:USDT,sell,-1.5,Donchian DOWN | Momentum -1.39%,,computed,"{""symbol"": ""ZEC/USDT:USDT"", ""price"": 431.12, ""score_raw"": -1.5, ""score"": -1.5, ""buy_threshold"": 1.0, ""sell_threshold"": -1.0, ""components"": {""donchian"": -0.9, ""momentum"": -0.4, ""trend_bias"": -0.2}, ""extras"": {""ema_fast"": 433.9982556006679, ""ema_slow"": 434.57056774549676, ""rsi"": 36.46039148364645, ""donchian_upper"": 438.0, ""donchian_lower"": 430.0, ""momentum"": -0.013929233091649285, ""trend_bias"": -1.0}}"
13,1767965144.3862977,TAO/USDT:USDT,buy,1.1,Donchian UP,,computed,"{""symbol"": ""TAO/USDT:USDT"", ""price"": 288.32, ""score_raw"": 1.1, ""score"": 1.1, ""buy_threshold"": 1.0, ""sell_threshold"": -1.0, ""components"": {""donchian"": 0.9, ""trend_bias"": 0.2}, ""extras"": {""ema_fast"": 284.9304731633133, ""ema_slow"": 283.9846025593034, ""rsi"": 69.88259295281543, ""donchian_upper"": 288.77, ""donchian_lower"": 281.91, ""momentum"": 0.006739062118090722, ""trend_bias"": 1.0}}"
14,1767965190.9839954,TAO/USDT:USDT,buy,1.1,Donchian UP,,computed,"{""symbol"": ""TAO/USDT:USDT"", ""price"": 288.32, ""score_raw"": 1.1, ""score"": 1.1, ""buy_threshold"": 1.0, ""sell_threshold"": -1.0, ""components"": {""donchian"": 0.9, ""trend_bias"": 0.2}, ""extras"": {""ema_fast"": 284.9304731633133, ""ema_slow"": 283.9846025593034, ""rsi"": 69.88259295281543, ""donchian_upper"": 288.77, ""donchian_lower"": 281.91, ""momentum"": 0.006739062118090722, ""trend_bias"": 1.0}}"
15,1767965231.644545,TAO/USDT:USDT,buy,1.1,Donchian UP,,computed,"{""symbol"": ""TAO/USDT:USDT"", ""price"": 288.32, ""score_raw"": 1.1, ""score"": 1.1, ""buy_threshold"": 1.0, ""sell_threshold"": -1.0, ""components"": {""donchian"": 0.9, ""trend_bias"": 0.2}, ""extras"": {""ema_fast"": 284.9304731633133, ""ema_slow"": 283.9846025593034, ""rsi"": 69.88259295281543, ""donchian_upper"": 288.77, ""donchian_lower"": 281.91, ""momentum"": 0.006739062118090722, ""trend_bias"": 1.0}}"
16,1767965272.1983924,TAO/USDT:USDT,buy,1.1,Donchian UP,,computed,"{""symbol"": ""TAO/USDT:USDT"", ""price"": 288.32, ""score_raw"": 1.1, ""score"": 1.1, ""buy_threshold"": 1.0, ""sell_threshold"": -1.0, ""components"": {""donchian"": 0.9, ""trend_bias"": 0.2}, ""extras"": {""ema_fast"": 284.9304731633133, ""ema_slow"": 283.9846025593034, ""rsi"": 69.88259295281543, ""donchian_upper"": 288.77, ""donchian_lower"": 281.91, ""momentum"": 0.006739062118090722, ""trend_bias"": 1.0}}"
