{
  "cfg_exchange": "binance",
  "cfg_mode": "paper",
  "paper": {
    "initial_cash": 2000.0,
    "cash": 2000.0,
    "positions": {},
    "realized_pnl_gross": 0.0,
    "fees_paid": 0.0
  },
  "positions_meta": {},
  "pending": {
    "IP/USDT:USDT": {
      "symbol": "IP/USDT:USDT",
      "side": "buy",
      "qty": 202.0,
      "price": 2.472,
      "order_id": "paper-1768515595877-9473",
      "created_ts": 1768515595.8779714,
      "reposts": 0,
      "reason": "signal_long",
      "is_maker": true,
      "atr_pct": 0.015356071292755178,
      "filled_qty": 0.0
    }
  },
  "pairs": [
    "BTC/USDT:USDT",
    "ETH/USDT:USDT",
    "SOL/USDT:USDT",
    "DASH/USDT:USDT",
    "ZEC/USDT:USDT",
    "XRP/USDT:USDT",
    "XMR/USDT:USDT",
    "IP/USDT:USDT",
    "DOGE/USDT:USDT",
    "BCH/USDT:USDT",
    "LTC/USDT:USDT",
    "BNB/USDT:USDT",
    "1000PEPE/USDT:USDT",
    "SUI/USDT:USDT",
    "ICP/USDT:USDT",
    "ZEN/USDT:USDT",
    "FHE/USDT:USDT",
    "ADA/USDT:USDT",
    "KAITO/USDT:USDT",
    "FIL/USDT:USDT",
    "FARTCOIN/USDT:USDT",
    "LINK/USDT:USDT",
    "ENA/USDT:USDT",
    "AVAX/USDT:USDT",
    "BERA/USDT:USDT",
    "MOVE/USDT:USDT",
    "UNI/USDT:USDT",
    "PAXG/USDT:USDT",
    "GUN/USDT:USDT",
    "TAO/USDT:USDT"
  ],
  "guard": {
    "halted": false,
    "day_start_equity": 2000.0,
    "peak_equity": 2000.0
  },
  "trades": [],
  "ts": "2026-01-15T22:20:15.571286+00:00"
}