{
  "schema": 2,
  "mode": "paper",
  "exchange": "binance",
  "position_meta": {},
  "positions": [
    {
      "symbol": "AVAX/USDT:USDT",
      "side": "short",
      "qty": 222.0,
      "entry": 13.539833333333332,
      "stop": 0.0,
      "tp": 0.0,
      "trailing": null,
      "tp1_done": false,
      "sl_order_id": null,
      "tp_order_id": null,
      "trailing_order_id": null,
      "protected_qty": 0.0,
      "protection_ts": 0.0,
      "opened_ts": 1768638620.0909953
    },
    {
      "symbol": "LTC/USDT:USDT",
      "side": "short",
      "qty": 24.0,
      "entry": 74.38390125000001,
      "stop": 0.0,
      "tp": 0.0,
      "trailing": null,
      "tp1_done": false,
      "sl_order_id": null,
      "tp_order_id": null,
      "trailing_order_id": null,
      "protected_qty": 0.0,
      "protection_ts": 0.0,
      "opened_ts": 1768638620.0909953
    },
    {
      "symbol": "TAO/USDT:USDT",
      "side": "long",
      "qty": 5.0,
      "entry": 277.05769799999996,
      "stop": 0.0,
      "tp": 0.0,
      "trailing": null,
      "tp1_done": false,
      "sl_order_id": null,
      "tp_order_id": null,
      "trailing_order_id": null,
      "protected_qty": 0.0,
      "protection_ts": 0.0,
      "opened_ts": 1768638620.0909953
    }
  ],
  "pending_orders": [],
  "paper": {
    "initial_cash": 2000.0,
    "cash": 5446.586959878002,
    "positions": {
      "AVAX/USDT:USDT": {
        "symbol": "AVAX/USDT:USDT",
        "qty": -222.0,
        "avg_price": 13.539833333333332
      },
      "LTC/USDT:USDT": {
        "symbol": "LTC/USDT:USDT",
        "qty": -24.0,
        "avg_price": 74.38390125000001
      },
      "TAO/USDT:USDT": {
        "symbol": "TAO/USDT:USDT",
        "qty": 5.0,
        "avg_price": 277.05769799999996
      }
    },
    "realized_pnl_gross": 47.692237000000006,
    "fees_paid": 6.873417121999999
  },
  "ts": "2026-01-17T08:31:26.429893+00:00"
}