{
  "schema": 2,
  "mode": "paper",
  "exchange": "binance",
  "position_meta": {},
  "positions": [
    {
      "symbol": "WLD/USDT:USDT",
      "side": "short",
      "qty": -720.0,
      "entry": 0.5552,
      "avg_price": 0.5552,
      "stop": 0.0,
      "tp": 0.0,
      "ts_open": 0.0,
      "mode": "paper",
      "exchange": "binance"
    },
    {
      "symbol": "KAITO/USDT:USDT",
      "side": "long",
      "qty": 741.0,
      "entry": 0.5377687499999999,
      "avg_price": 0.5377687499999999,
      "stop": 0.0,
      "tp": 0.0,
      "ts_open": 0.0,
      "mode": "paper",
      "exchange": "binance"
    }
  ],
  "pending_orders": [],
  "paper": {
    "initial_cash": 2000.0,
    "cash": 2000.9781641281254,
    "positions": {
      "WLD/USDT:USDT": {
        "symbol": "WLD/USDT:USDT",
        "qty": -720.0,
        "avg_price": 0.5552
      },
      "KAITO/USDT:USDT": {
        "symbol": "KAITO/USDT:USDT",
        "qty": 741.0,
        "avg_price": 0.5377687499999999
      }
    },
    "realized_pnl_gross": 0.0,
    "fees_paid": 0.279192121875
  },
  "ts": "2026-01-17T11:56:12.283116+00:00"
}