{
  "cfg_exchange": "binance",
  "cfg_mode": "paper",
  "paper": {
    "initial_cash": 2000.0,
    "cash": 2000.0,
    "positions": {},
    "realized_pnl_gross": 0.0,
    "fees_paid": 0.0
  },
  "positions_meta": {},
  "pending": {},
  "pairs": [
    "BTC/USDT:USDT",
    "ETH/USDT:USDT",
    "SOL/USDT:USDT",
    "DASH/USDT:USDT",
    "IP/USDT:USDT",
    "XRP/USDT:USDT",
    "ZEC/USDT:USDT",
    "ZEN/USDT:USDT",
    "XMR/USDT:USDT",
    "DOGE/USDT:USDT",
    "1000PEPE/USDT:USDT",
    "ICP/USDT:USDT",
    "BERA/USDT:USDT",
    "BNB/USDT:USDT",
    "LTC/USDT:USDT",
    "SUI/USDT:USDT",
    "BCH/USDT:USDT",
    "GUN/USDT:USDT",
    "ADA/USDT:USDT",
    "FIL/USDT:USDT",
    "ENA/USDT:USDT",
    "FARTCOIN/USDT:USDT",
    "LINK/USDT:USDT",
    "AXS/USDT:USDT",
    "AVAX/USDT:USDT",
    "TAO/USDT:USDT",
    "PAXG/USDT:USDT",
    "FHE/USDT:USDT",
    "WIF/USDT:USDT",
    "1000BONK/USDT:USDT"
  ],
  "guard": {
    "halted": false,
    "day_start_equity": 2000.0,
    "peak_equity": 2000.0
  },
  "trades": [],
  "ts": "2026-01-15T08:35:13.498772+00:00"
}