{
  "schema": 2,
  "mode": "paper",
  "exchange": "binance",
  "position_meta": {},
  "positions": [
    {
      "symbol": "WLD/USDT:USDT",
      "side": "short",
      "qty": -720.0,
      "entry": 0.5552,
      "avg_price": 0.5552,
      "stop": 0.0,
      "tp": 0.0,
      "ts_open": 0.0,
      "mode": "paper",
      "exchange": "binance"
    }
  ],
  "pending_orders": [],
  "paper": {
    "initial_cash": 2000.0,
    "cash": 2399.6640512000004,
    "positions": {
      "WLD/USDT:USDT": {
        "symbol": "WLD/USDT:USDT",
        "qty": -720.0,
        "avg_price": 0.5552
      }
    },
    "realized_pnl_gross": 0.0,
    "fees_paid": 0.07994880000000001
  },
  "ts": "2026-01-17T11:34:38.920099+00:00"
}