{
  "schema": 2,
  "mode": "paper",
  "exchange": "binance",
  "position_meta": {},
  "positions": [
    {
      "symbol": "AVAX/USDT:USDT",
      "side": "short",
      "qty": 35742.0,
      "entry": 13.539833333333332,
      "stop": 0.0,
      "tp": 0.0,
      "trailing": 13.697258421344252,
      "tp1_done": false,
      "sl_order_id": null,
      "tp_order_id": null,
      "trailing_order_id": null,
      "protected_qty": 0.0,
      "protection_ts": 0.0,
      "opened_ts": 1768638620.0909953
    },
    {
      "symbol": "LTC/USDT:USDT",
      "side": "short",
      "qty": 4524.0,
      "entry": 74.38390125000001,
      "stop": 0.0,
      "tp": 0.0,
      "trailing": 75.37242200680917,
      "tp1_done": false,
      "sl_order_id": null,
      "tp_order_id": null,
      "trailing_order_id": null,
      "protected_qty": 0.0,
      "protection_ts": 0.0,
      "opened_ts": 1768638620.0909953
    },
    {
      "symbol": "TAO/USDT:USDT",
      "side": "long",
      "qty": 5.0,
      "entry": 277.05769799999996,
      "stop": 0.0,
      "tp": 0.0,
      "trailing": null,
      "tp1_done": false,
      "sl_order_id": null,
      "tp_order_id": null,
      "trailing_order_id": null,
      "protected_qty": 0.0,
      "protection_ts": 0.0,
      "opened_ts": 1768638620.0909953
    }
  ],
  "pending_orders": [
    {
      "symbol": "LTC/USDT:USDT",
      "side": "sell",
      "qty": 1398.0,
      "price": 75.07,
      "order_id": "paper-1768642240272-8933",
      "created_ts": 1768642240.272883,
      "reposts": 0,
      "reason": "dca_add",
      "is_maker": true,
      "atr_pct": 0.0,
      "filled_qty": 0.0
    },
    {
      "symbol": "AVAX/USDT:USDT",
      "side": "sell",
      "qty": 11044.0,
      "price": 13.683,
      "order_id": "paper-1768642250252-8662",
      "created_ts": 1768642250.2524285,
      "reposts": 0,
      "reason": "dca_add",
      "is_maker": true,
      "atr_pct": 0.0,
      "filled_qty": 0.0
    }
  ],
  "paper": {
    "initial_cash": 2000.0,
    "cash": -827863.6350565163,
    "positions": {
      "TAO/USDT:USDT": {
        "symbol": "TAO/USDT:USDT",
        "qty": 5.0,
        "avg_price": 277.05769799999996
      },
      "LTC/USDT:USDT": {
        "symbol": "LTC/USDT:USDT",
        "qty": 4524.0,
        "avg_price": 75.03787343501325
      },
      "AVAX/USDT:USDT": {
        "symbol": "AVAX/USDT:USDT",
        "qty": 35742.0,
        "avg_price": 13.674968944099378
      }
    },
    "realized_pnl_gross": 2.4812354999996877,
    "fees_paid": 238.74838201625
  },
  "ts": "2026-01-17T09:30:57.132388+00:00"
}