{
  "cfg_exchange": "binance",
  "cfg_mode": "paper",
  "paper": {
    "initial_cash": 2000.0,
    "cash": 3.442460883499879,
    "positions": {
      "IP/USDT:USDT": {
        "symbol": "IP/USDT:USDT",
        "qty": 600.0,
        "avg_price": 2.493866105
      },
      "ICP/USDT:USDT": {
        "symbol": "ICP/USDT:USDT",
        "qty": 118.0,
        "avg_price": 4.232115
      }
    },
    "realized_pnl_gross": 0.0,
    "fees_paid": 0.8483061165000001
  },
  "positions_meta": {},
  "pending": {},
  "pairs": [
    "BTC/USDT:USDT",
    "ETH/USDT:USDT",
    "SOL/USDT:USDT",
    "DASH/USDT:USDT",
    "XRP/USDT:USDT",
    "ZEC/USDT:USDT",
    "DOGE/USDT:USDT",
    "FHE/USDT:USDT",
    "XMR/USDT:USDT",
    "BNB/USDT:USDT",
    "IP/USDT:USDT",
    "LTC/USDT:USDT",
    "1000PEPE/USDT:USDT",
    "BCH/USDT:USDT",
    "ZEN/USDT:USDT",
    "SUI/USDT:USDT",
    "ADA/USDT:USDT",
    "ICP/USDT:USDT",
    "KAITO/USDT:USDT",
    "LINK/USDT:USDT",
    "PROM/USDT:USDT",
    "FIL/USDT:USDT",
    "AXS/USDT:USDT",
    "AVAX/USDT:USDT",
    "ENA/USDT:USDT",
    "FARTCOIN/USDT:USDT",
    "CHZ/USDT:USDT",
    "BERA/USDT:USDT",
    "PAXG/USDT:USDT",
    "TAO/USDT:USDT"
  ],
  "guard": {
    "halted": false,
    "day_start_equity": 2096.4964608835,
    "peak_equity": 2118.9384608835
  },
  "trades": [
    {
      "ts": "2026-01-15T22:24:02.663147+00:00",
      "exchange": "binance",
      "mode": "paper",
      "symbol": "IP/USDT:USDT",
      "side": "buy",
      "qty": 202.0,
      "price": 2.5012499999999998,
      "notional": 505.25249999999994,
      "fee": 0.25262625,
      "reason": "signal_long|timeout_market",
      "realized_pnl": 0.0
    },
    {
      "ts": "2026-01-15T22:27:06.360030+00:00",
      "exchange": "binance",
      "mode": "paper",
      "symbol": "IP/USDT:USDT",
      "side": "buy",
      "qty": 199.0,
      "price": 2.505,
      "notional": 498.495,
      "fee": 0.09969900000000001,
      "reason": "signal_long",
      "realized_pnl": 0.0
    },
    {
      "ts": "2026-01-15T22:33:07.066372+00:00",
      "exchange": "binance",
      "mode": "paper",
      "symbol": "IP/USDT:USDT",
      "side": "buy",
      "qty": 199.0,
      "price": 2.475237,
      "notional": 492.572163,
      "fee": 0.2462860815,
      "reason": "signal_long|timeout_market",
      "realized_pnl": 0.0
    },
    {
      "ts": "2026-01-15T22:35:00.765786+00:00",
      "exchange": "binance",
      "mode": "paper",
      "symbol": "ICP/USDT:USDT",
      "side": "buy",
      "qty": 118.0,
      "price": 4.232115,
      "notional": 499.38957000000005,
      "fee": 0.24969478500000003,
      "reason": "signal_long|timeout_market",
      "realized_pnl": 0.0
    }
  ],
  "ts": "2026-01-16T13:07:37.365935+00:00"
}