{
  "schema": 2,
  "mode": "paper",
  "exchange": "binance",
  "position_meta": {},
  "positions": [
    {
      "symbol": "AVAX/USDT:USDT",
      "side": "short",
      "qty": 444.0,
      "entry": 13.539833333333332,
      "stop": 0.0,
      "tp": 0.0,
      "trailing": 13.697258421344252,
      "tp1_done": false,
      "sl_order_id": null,
      "tp_order_id": null,
      "trailing_order_id": null,
      "protected_qty": 0.0,
      "protection_ts": 0.0,
      "opened_ts": 1768638620.0909953
    },
    {
      "symbol": "LTC/USDT:USDT",
      "side": "short",
      "qty": 60.0,
      "entry": 74.38390125000001,
      "stop": 0.0,
      "tp": 0.0,
      "trailing": 75.37242200680917,
      "tp1_done": false,
      "sl_order_id": null,
      "tp_order_id": null,
      "trailing_order_id": null,
      "protected_qty": 0.0,
      "protection_ts": 0.0,
      "opened_ts": 1768638620.0909953
    },
    {
      "symbol": "TAO/USDT:USDT",
      "side": "long",
      "qty": 5.0,
      "entry": 277.05769799999996,
      "stop": 0.0,
      "tp": 0.0,
      "trailing": null,
      "tp1_done": false,
      "sl_order_id": null,
      "tp_order_id": null,
      "trailing_order_id": null,
      "protected_qty": 0.0,
      "protection_ts": 0.0,
      "opened_ts": 1768638620.0909953
    }
  ],
  "pending_orders": [
    {
      "symbol": "AVAX/USDT:USDT",
      "side": "buy",
      "qty": 333.0,
      "price": 13.656,
      "order_id": "paper-1768639108321-8219",
      "created_ts": 1768639108.321057,
      "reposts": 0,
      "reason": "stop_loss",
      "is_maker": true,
      "atr_pct": 0.0,
      "filled_qty": 0.0
    },
    {
      "symbol": "LTC/USDT:USDT",
      "side": "buy",
      "qty": 36.0,
      "price": 74.91,
      "order_id": "paper-1768639270612-7073",
      "created_ts": 1768639270.61237,
      "reposts": 0,
      "reason": "stop_loss",
      "is_maker": true,
      "atr_pct": 0.0,
      "filled_qty": 0.0
    }
  ],
  "paper": {
    "initial_cash": 2000.0,
    "cash": 2176.2347269237525,
    "positions": {
      "AVAX/USDT:USDT": {
        "symbol": "AVAX/USDT:USDT",
        "qty": -444.0,
        "avg_price": 13.585962541666666
      },
      "TAO/USDT:USDT": {
        "symbol": "TAO/USDT:USDT",
        "qty": 5.0,
        "avg_price": 277.05769799999996
      },
      "LTC/USDT:USDT": {
        "symbol": "LTC/USDT:USDT",
        "qty": 60.0,
        "avg_price": 74.92148900000001
      }
    },
    "realized_pnl_gross": 34.465867000000316,
    "fees_paid": 9.82067857625
  },
  "ts": "2026-01-17T08:41:26.551455+00:00"
}