{
  "schema": 2,
  "mode": "paper",
  "exchange": "binance",
  "position_meta": {},
  "positions": [
    {
      "symbol": "CRV/USDT:USDT",
      "side": "long",
      "qty": 2739.0,
      "entry": 0.43866338079591083,
      "avg_price": 0.43866338079591083,
      "stop": 0.0,
      "tp": 0.0,
      "ts_open": 0.0,
      "mode": "paper",
      "exchange": "binance"
    }
  ],
  "pending_orders": [],
  "paper": {
    "initial_cash": 2000.0,
    "cash": 796.7924133436262,
    "positions": {
      "CRV/USDT:USDT": {
        "symbol": "CRV/USDT:USDT",
        "qty": 2739.0,
        "avg_price": 0.43866338079591083
      }
    },
    "realized_pnl_gross": -0.23466274999985548,
    "fees_paid": 1.4739239063749996
  },
  "ts": "2026-01-17T14:43:32.853376+00:00"
}