{
  "cfg_exchange": "binance",
  "cfg_mode": "paper",
  "paper": {
    "initial_cash": 2000.0,
    "cash": 2.41594577875028,
    "positions": {
      "IP/USDT:USDT": {
        "symbol": "IP/USDT:USDT",
        "qty": 787.0,
        "avg_price": 2.6288438926302415
      }
    },
    "realized_pnl_gross": 73.92343300000029,
    "fees_paid": 2.60734372125
  },
  "positions_meta": {},
  "pending": {},
  "pairs": [
    "BTC/USDT:USDT",
    "ETH/USDT:USDT",
    "SOL/USDT:USDT",
    "DASH/USDT:USDT",
    "XRP/USDT:USDT",
    "XMR/USDT:USDT",
    "ZEC/USDT:USDT",
    "DOGE/USDT:USDT",
    "IP/USDT:USDT",
    "LTC/USDT:USDT",
    "1000PEPE/USDT:USDT",
    "BNB/USDT:USDT",
    "SUI/USDT:USDT",
    "FHE/USDT:USDT",
    "ZEN/USDT:USDT",
    "ADA/USDT:USDT",
    "BCH/USDT:USDT",
    "AXS/USDT:USDT",
    "DUSK/USDT:USDT",
    "ICP/USDT:USDT",
    "AVAX/USDT:USDT",
    "PROM/USDT:USDT",
    "ENA/USDT:USDT",
    "LINK/USDT:USDT",
    "FIL/USDT:USDT",
    "PAXG/USDT:USDT",
    "FARTCOIN/USDT:USDT",
    "TAO/USDT:USDT",
    "1000BONK/USDT:USDT",
    "XAI/USDT:USDT"
  ],
  "guard": {
    "halted": false,
    "day_start_equity": 2146.9909457787508,
    "peak_equity": 2171.3879457787502
  },
  "trades": [
    {
      "ts": "2026-01-15T22:24:02.663147+00:00",
      "exchange": "binance",
      "mode": "paper",
      "symbol": "IP/USDT:USDT",
      "side": "buy",
      "qty": 202.0,
      "price": 2.5012499999999998,
      "notional": 505.25249999999994,
      "fee": 0.25262625,
      "reason": "signal_long|timeout_market",
      "realized_pnl": 0.0
    },
    {
      "ts": "2026-01-15T22:27:06.360030+00:00",
      "exchange": "binance",
      "mode": "paper",
      "symbol": "IP/USDT:USDT",
      "side": "buy",
      "qty": 199.0,
      "price": 2.505,
      "notional": 498.495,
      "fee": 0.09969900000000001,
      "reason": "signal_long",
      "realized_pnl": 0.0
    },
    {
      "ts": "2026-01-15T22:33:07.066372+00:00",
      "exchange": "binance",
      "mode": "paper",
      "symbol": "IP/USDT:USDT",
      "side": "buy",
      "qty": 199.0,
      "price": 2.475237,
      "notional": 492.572163,
      "fee": 0.2462860815,
      "reason": "signal_long|timeout_market",
      "realized_pnl": 0.0
    },
    {
      "ts": "2026-01-15T22:35:00.765786+00:00",
      "exchange": "binance",
      "mode": "paper",
      "symbol": "ICP/USDT:USDT",
      "side": "buy",
      "qty": 118.0,
      "price": 4.232115,
      "notional": 499.38957000000005,
      "fee": 0.24969478500000003,
      "reason": "signal_long|timeout_market",
      "realized_pnl": 0.0
    },
    {
      "ts": "2026-01-16T16:23:55.695711+00:00",
      "exchange": "binance",
      "mode": "paper",
      "symbol": "IP/USDT:USDT",
      "side": "sell",
      "qty": 600.0,
      "price": 2.6186900000000004,
      "notional": 1571.2140000000002,
      "fee": 0.785607,
      "reason": "manual_close_all",
      "realized_pnl": 74.89433700000028
    },
    {
      "ts": "2026-01-16T16:23:55.961456+00:00",
      "exchange": "binance",
      "mode": "paper",
      "symbol": "ICP/USDT:USDT",
      "side": "sell",
      "qty": 118.0,
      "price": 4.223887,
      "notional": 498.41866600000003,
      "fee": 0.24920933300000003,
      "reason": "manual_close_all",
      "realized_pnl": -0.9709039999999884
    },
    {
      "ts": "2026-01-16T16:30:13.561203+00:00",
      "exchange": "binance",
      "mode": "paper",
      "symbol": "IP/USDT:USDT",
      "side": "buy",
      "qty": 198.0,
      "price": 2.599299,
      "notional": 514.661202,
      "fee": 0.257330601,
      "reason": "signal_long|timeout_market",
      "realized_pnl": 0.0
    },
    {
      "ts": "2026-01-16T16:49:49.208997+00:00",
      "exchange": "binance",
      "mode": "paper",
      "symbol": "IP/USDT:USDT",
      "side": "buy",
      "qty": 197.0,
      "price": 2.6403194999999995,
      "notional": 520.1429414999999,
      "fee": 0.26007147075,
      "reason": "signal_long|timeout_market",
      "realized_pnl": 0.0
    },
    {
      "ts": "2026-01-16T16:51:51.191829+00:00",
      "exchange": "binance",
      "mode": "paper",
      "symbol": "IP/USDT:USDT",
      "side": "buy",
      "qty": 196.0,
      "price": 2.637,
      "notional": 516.852,
      "fee": 0.1033704,
      "reason": "signal_long",
      "realized_pnl": 0.0
    },
    {
      "ts": "2026-01-16T16:55:44.905468+00:00",
      "exchange": "binance",
      "mode": "paper",
      "symbol": "IP/USDT:USDT",
      "side": "buy",
      "qty": 196.0,
      "price": 2.639,
      "notional": 517.2439999999999,
      "fee": 0.1034488,
      "reason": "signal_long",
      "realized_pnl": 0.0
    }
  ],
  "ts": "2026-01-16T21:51:06.118769+00:00"
}