{
  "schema": 2,
  "mode": "paper",
  "exchange": "binance",
  "position_meta": {},
  "positions": [
    {
      "symbol": "CRV/USDT:USDT",
      "side": "long",
      "qty": 3482.0,
      "entry": 0.4396360064618035,
      "avg_price": 0.4396360064618035,
      "stop": 0.0,
      "tp": 0.0,
      "ts_open": 0.0,
      "mode": "paper",
      "exchange": "binance"
    },
    {
      "symbol": "PENGU/USDT:USDT",
      "side": "long",
      "qty": 33125.0,
      "entry": 0.012108051,
      "avg_price": 0.012108051,
      "stop": 0.0,
      "tp": 0.0,
      "ts_open": 0.0,
      "mode": "paper",
      "exchange": "binance"
    },
    {
      "symbol": "ICP/USDT:USDT",
      "side": "long",
      "qty": 75.0,
      "entry": 4.041019499999999,
      "avg_price": 4.041019499999999,
      "stop": 0.0,
      "tp": 0.0,
      "ts_open": 0.0,
      "mode": "paper",
      "exchange": "binance"
    }
  ],
  "pending_orders": [],
  "paper": {
    "initial_cash": 2000.0,
    "cash": -237.19354764456122,
    "positions": {
      "CRV/USDT:USDT": {
        "symbol": "CRV/USDT:USDT",
        "qty": 3482.0,
        "avg_price": 0.4396360064618035
      },
      "PENGU/USDT:USDT": {
        "symbol": "PENGU/USDT:USDT",
        "qty": 33125.0,
        "avg_price": 0.012108051
      },
      "ICP/USDT:USDT": {
        "symbol": "ICP/USDT:USDT",
        "qty": 75.0,
        "avg_price": 4.041019499999999
      }
    },
    "realized_pnl_gross": -0.23466274999985548,
    "fees_paid": 1.9906585195624995
  },
  "ts": "2026-01-17T15:14:53.289040+00:00"
}