{
  "cfg_exchange": "binance",
  "cfg_mode": "paper",
  "paper": {
    "initial_cash": 2000.0,
    "cash": 995.9001747499999,
    "positions": {
      "IP/USDT:USDT": {
        "symbol": "IP/USDT:USDT",
        "qty": 401.0,
        "avg_price": 2.5031109725685785
      }
    },
    "realized_pnl_gross": 0.0,
    "fees_paid": 0.35232525000000003
  },
  "positions_meta": {},
  "pending": {
    "IP/USDT:USDT": {
      "symbol": "IP/USDT:USDT",
      "side": "buy",
      "qty": 199.0,
      "price": 2.5,
      "order_id": "paper-1768516111895-1762",
      "created_ts": 1768516111.8951724,
      "reposts": 0,
      "reason": "signal_long",
      "is_maker": true,
      "atr_pct": 0.016296604507833982,
      "filled_qty": 0.0
    },
    "ICP/USDT:USDT": {
      "symbol": "ICP/USDT:USDT",
      "side": "buy",
      "qty": 118.0,
      "price": 4.229,
      "order_id": "paper-1768516224951-6988",
      "created_ts": 1768516224.9517202,
      "reposts": 0,
      "reason": "signal_long",
      "is_maker": true,
      "atr_pct": 0.012666840361411356,
      "filled_qty": 0.0
    }
  },
  "pairs": [
    "BTC/USDT:USDT",
    "ETH/USDT:USDT",
    "SOL/USDT:USDT",
    "DASH/USDT:USDT",
    "ZEC/USDT:USDT",
    "XRP/USDT:USDT",
    "XMR/USDT:USDT",
    "IP/USDT:USDT",
    "DOGE/USDT:USDT",
    "BCH/USDT:USDT",
    "LTC/USDT:USDT",
    "BNB/USDT:USDT",
    "1000PEPE/USDT:USDT",
    "SUI/USDT:USDT",
    "ICP/USDT:USDT",
    "FHE/USDT:USDT",
    "ZEN/USDT:USDT",
    "ADA/USDT:USDT",
    "KAITO/USDT:USDT",
    "FIL/USDT:USDT",
    "FARTCOIN/USDT:USDT",
    "LINK/USDT:USDT",
    "ENA/USDT:USDT",
    "AVAX/USDT:USDT",
    "BERA/USDT:USDT",
    "MOVE/USDT:USDT",
    "UNI/USDT:USDT",
    "PAXG/USDT:USDT",
    "GUN/USDT:USDT",
    "TAO/USDT:USDT"
  ],
  "guard": {
    "halted": false,
    "day_start_equity": 2000.0,
    "peak_equity": 2001.20717475
  },
  "trades": [
    {
      "ts": "2026-01-15T22:24:02.663147+00:00",
      "exchange": "binance",
      "mode": "paper",
      "symbol": "IP/USDT:USDT",
      "side": "buy",
      "qty": 202.0,
      "price": 2.5012499999999998,
      "notional": 505.25249999999994,
      "fee": 0.25262625,
      "reason": "signal_long|timeout_market",
      "realized_pnl": 0.0
    },
    {
      "ts": "2026-01-15T22:27:06.360030+00:00",
      "exchange": "binance",
      "mode": "paper",
      "symbol": "IP/USDT:USDT",
      "side": "buy",
      "qty": 199.0,
      "price": 2.505,
      "notional": 498.495,
      "fee": 0.09969900000000001,
      "reason": "signal_long",
      "realized_pnl": 0.0
    }
  ],
  "ts": "2026-01-15T22:30:37.859566+00:00"
}