{
  "schema": 2,
  "mode": "paper",
  "exchange": "binance",
  "position_meta": {},
  "positions": [
    {
      "symbol": "ZEN/USDT:USDT",
      "side": "long",
      "qty": 82.0,
      "entry": 12.994743500000002,
      "avg_price": 12.994743500000002,
      "stop": 0.0,
      "tp": 0.0,
      "ts_open": 0.0,
      "mode": "paper",
      "exchange": "binance"
    },
    {
      "symbol": "ICP/USDT:USDT",
      "side": "long",
      "qty": 256.0,
      "entry": 4.202500000000001,
      "avg_price": 4.202500000000001,
      "stop": 0.0,
      "tp": 0.0,
      "ts_open": 0.0,
      "mode": "paper",
      "exchange": "binance"
    }
  ],
  "pending_orders": [],
  "paper": {
    "initial_cash": 2000.0,
    "cash": 20.146688467500667,
    "positions": {
      "ZEN/USDT:USDT": {
        "symbol": "ZEN/USDT:USDT",
        "qty": 82.0,
        "avg_price": 12.994743500000002
      },
      "ICP/USDT:USDT": {
        "symbol": "ICP/USDT:USDT",
        "qty": 256.0,
        "avg_price": 4.202500000000001
      }
    },
    "realized_pnl_gross": 165.83134500000034,
    "fees_paid": 4.2756895324999995
  },
  "ts": "2026-01-17T06:49:17.893286+00:00"
}