{
  "schema": 2,
  "mode": "paper",
  "exchange": "binance",
  "position_meta": {},
  "positions": [
    {
      "symbol": "AVAX/USDT:USDT",
      "side": "short",
      "qty": -222.0,
      "entry": 13.539833333333332,
      "avg_price": 13.539833333333332,
      "stop": 0.0,
      "tp": 0.0,
      "ts_open": 0.0,
      "mode": "paper",
      "exchange": "binance"
    },
    {
      "symbol": "LTC/USDT:USDT",
      "side": "short",
      "qty": -24.0,
      "entry": 74.38390125000001,
      "avg_price": 74.38390125000001,
      "stop": 0.0,
      "tp": 0.0,
      "ts_open": 0.0,
      "mode": "paper",
      "exchange": "binance"
    },
    {
      "symbol": "TAO/USDT:USDT",
      "side": "long",
      "qty": 4.0,
      "entry": 277.04249999999996,
      "avg_price": 277.04249999999996,
      "stop": 0.0,
      "tp": 0.0,
      "ts_open": 0.0,
      "mode": "paper",
      "exchange": "binance"
    }
  ],
  "pending_orders": [],
  "paper": {
    "initial_cash": 2000.0,
    "cash": 5723.844009123001,
    "positions": {
      "AVAX/USDT:USDT": {
        "symbol": "AVAX/USDT:USDT",
        "qty": -222.0,
        "avg_price": 13.539833333333332
      },
      "LTC/USDT:USDT": {
        "symbol": "LTC/USDT:USDT",
        "qty": -24.0,
        "avg_price": 74.38390125000001
      },
      "TAO/USDT:USDT": {
        "symbol": "TAO/USDT:USDT",
        "qty": 4.0,
        "avg_price": 277.04249999999996
      }
    },
    "realized_pnl_gross": 47.692237000000006,
    "fees_paid": 6.734857877
  },
  "ts": "2026-01-17T07:48:29.320468+00:00"
}