{
  "schema": 2,
  "mode": "paper",
  "exchange": "binance",
  "position_meta": {},
  "positions": [
    {
      "symbol": "AVAX/USDT:USDT",
      "side": "short",
      "qty": 1998.0,
      "entry": 13.539833333333332,
      "stop": 0.0,
      "tp": 0.0,
      "trailing": 13.697258421344252,
      "tp1_done": false,
      "sl_order_id": null,
      "tp_order_id": null,
      "trailing_order_id": null,
      "protected_qty": 0.0,
      "protection_ts": 0.0,
      "opened_ts": 1768638620.0909953
    },
    {
      "symbol": "LTC/USDT:USDT",
      "side": "short",
      "qty": 660.0,
      "entry": 74.38390125000001,
      "stop": 0.0,
      "tp": 0.0,
      "trailing": 75.37242200680917,
      "tp1_done": false,
      "sl_order_id": null,
      "tp_order_id": null,
      "trailing_order_id": null,
      "protected_qty": 0.0,
      "protection_ts": 0.0,
      "opened_ts": 1768638620.0909953
    },
    {
      "symbol": "TAO/USDT:USDT",
      "side": "long",
      "qty": 5.0,
      "entry": 277.05769799999996,
      "stop": 0.0,
      "tp": 0.0,
      "trailing": null,
      "tp1_done": false,
      "sl_order_id": null,
      "tp_order_id": null,
      "trailing_order_id": null,
      "protected_qty": 0.0,
      "protection_ts": 0.0,
      "opened_ts": 1768638620.0909953
    }
  ],
  "pending_orders": [
    {
      "symbol": "LTC/USDT:USDT",
      "side": "buy",
      "qty": 408.0,
      "price": 74.98,
      "order_id": "paper-1768639852645-8857",
      "created_ts": 1768639852.6455982,
      "reposts": 0,
      "reason": "stop_loss",
      "is_maker": true,
      "atr_pct": 0.0,
      "filled_qty": 0.0
    },
    {
      "symbol": "AVAX/USDT:USDT",
      "side": "buy",
      "qty": 1221.0,
      "price": 13.667,
      "order_id": "paper-1768639862190-5839",
      "created_ts": 1768639862.19084,
      "reposts": 0,
      "reason": "stop_loss",
      "is_maker": true,
      "atr_pct": 0.0,
      "filled_qty": 0.0
    }
  ],
  "paper": {
    "initial_cash": 2000.0,
    "cash": -76185.13341287625,
    "positions": {
      "TAO/USDT:USDT": {
        "symbol": "TAO/USDT:USDT",
        "qty": 5.0,
        "avg_price": 277.05769799999996
      },
      "LTC/USDT:USDT": {
        "symbol": "LTC/USDT:USDT",
        "qty": 660.0,
        "avg_price": 74.96304445454545
      },
      "AVAX/USDT:USDT": {
        "symbol": "AVAX/USDT:USDT",
        "qty": 1998.0,
        "avg_price": 13.664277777777777
      }
    },
    "realized_pnl_gross": 2.4812354999996877,
    "fees_paid": 25.48981837625
  },
  "ts": "2026-01-17T08:52:06.011636+00:00"
}