{
  "cfg_exchange": "binance",
  "cfg_mode": "paper",
  "paper": {
    "initial_cash": 2000.0,
    "cash": 20.146688467500667,
    "positions": {
      "ZEN/USDT:USDT": {
        "symbol": "ZEN/USDT:USDT",
        "qty": 82.0,
        "avg_price": 12.994743500000002
      },
      "ICP/USDT:USDT": {
        "symbol": "ICP/USDT:USDT",
        "qty": 256.0,
        "avg_price": 4.202500000000001
      }
    },
    "realized_pnl_gross": 165.83134500000034,
    "fees_paid": 4.2756895324999995
  },
  "positions_meta": {},
  "pending": {},
  "pairs": [
    "BTC/USDT:USDT",
    "ETH/USDT:USDT",
    "SOL/USDT:USDT",
    "DASH/USDT:USDT",
    "XRP/USDT:USDT",
    "DUSK/USDT:USDT",
    "AXS/USDT:USDT",
    "ZEC/USDT:USDT",
    "DOGE/USDT:USDT",
    "XMR/USDT:USDT",
    "IP/USDT:USDT",
    "LTC/USDT:USDT",
    "BNB/USDT:USDT",
    "1000PEPE/USDT:USDT",
    "SUI/USDT:USDT",
    "XAI/USDT:USDT",
    "ZEN/USDT:USDT",
    "ADA/USDT:USDT",
    "BCH/USDT:USDT",
    "FHE/USDT:USDT",
    "BERA/USDT:USDT",
    "PROM/USDT:USDT",
    "AVAX/USDT:USDT",
    "ENA/USDT:USDT",
    "LINK/USDT:USDT",
    "ICP/USDT:USDT",
    "PAXG/USDT:USDT",
    "FIL/USDT:USDT",
    "FARTCOIN/USDT:USDT",
    "1000BONK/USDT:USDT"
  ],
  "guard": {
    "halted": false,
    "day_start_equity": 2050.6646884675006,
    "peak_equity": 2050.6646884675006
  },
  "trades": [
    {
      "ts": "2026-01-15T22:24:02.663147+00:00",
      "exchange": "binance",
      "mode": "paper",
      "symbol": "IP/USDT:USDT",
      "side": "buy",
      "qty": 202.0,
      "price": 2.5012499999999998,
      "notional": 505.25249999999994,
      "fee": 0.25262625,
      "reason": "signal_long|timeout_market",
      "realized_pnl": 0.0
    },
    {
      "ts": "2026-01-15T22:27:06.360030+00:00",
      "exchange": "binance",
      "mode": "paper",
      "symbol": "IP/USDT:USDT",
      "side": "buy",
      "qty": 199.0,
      "price": 2.505,
      "notional": 498.495,
      "fee": 0.09969900000000001,
      "reason": "signal_long",
      "realized_pnl": 0.0
    },
    {
      "ts": "2026-01-15T22:33:07.066372+00:00",
      "exchange": "binance",
      "mode": "paper",
      "symbol": "IP/USDT:USDT",
      "side": "buy",
      "qty": 199.0,
      "price": 2.475237,
      "notional": 492.572163,
      "fee": 0.2462860815,
      "reason": "signal_long|timeout_market",
      "realized_pnl": 0.0
    },
    {
      "ts": "2026-01-15T22:35:00.765786+00:00",
      "exchange": "binance",
      "mode": "paper",
      "symbol": "ICP/USDT:USDT",
      "side": "buy",
      "qty": 118.0,
      "price": 4.232115,
      "notional": 499.38957000000005,
      "fee": 0.24969478500000003,
      "reason": "signal_long|timeout_market",
      "realized_pnl": 0.0
    },
    {
      "ts": "2026-01-16T16:23:55.695711+00:00",
      "exchange": "binance",
      "mode": "paper",
      "symbol": "IP/USDT:USDT",
      "side": "sell",
      "qty": 600.0,
      "price": 2.6186900000000004,
      "notional": 1571.2140000000002,
      "fee": 0.785607,
      "reason": "manual_close_all",
      "realized_pnl": 74.89433700000028
    },
    {
      "ts": "2026-01-16T16:23:55.961456+00:00",
      "exchange": "binance",
      "mode": "paper",
      "symbol": "ICP/USDT:USDT",
      "side": "sell",
      "qty": 118.0,
      "price": 4.223887,
      "notional": 498.41866600000003,
      "fee": 0.24920933300000003,
      "reason": "manual_close_all",
      "realized_pnl": -0.9709039999999884
    },
    {
      "ts": "2026-01-16T16:30:13.561203+00:00",
      "exchange": "binance",
      "mode": "paper",
      "symbol": "IP/USDT:USDT",
      "side": "buy",
      "qty": 198.0,
      "price": 2.599299,
      "notional": 514.661202,
      "fee": 0.257330601,
      "reason": "signal_long|timeout_market",
      "realized_pnl": 0.0
    },
    {
      "ts": "2026-01-16T16:49:49.208997+00:00",
      "exchange": "binance",
      "mode": "paper",
      "symbol": "IP/USDT:USDT",
      "side": "buy",
      "qty": 197.0,
      "price": 2.6403194999999995,
      "notional": 520.1429414999999,
      "fee": 0.26007147075,
      "reason": "signal_long|timeout_market",
      "realized_pnl": 0.0
    },
    {
      "ts": "2026-01-16T16:51:51.191829+00:00",
      "exchange": "binance",
      "mode": "paper",
      "symbol": "IP/USDT:USDT",
      "side": "buy",
      "qty": 196.0,
      "price": 2.637,
      "notional": 516.852,
      "fee": 0.1033704,
      "reason": "signal_long",
      "realized_pnl": 0.0
    },
    {
      "ts": "2026-01-16T16:55:44.905468+00:00",
      "exchange": "binance",
      "mode": "paper",
      "symbol": "IP/USDT:USDT",
      "side": "buy",
      "qty": 196.0,
      "price": 2.639,
      "notional": 517.2439999999999,
      "fee": 0.1034488,
      "reason": "signal_long",
      "realized_pnl": 0.0
    },
    {
      "ts": "2026-01-16T21:52:08.317245+00:00",
      "exchange": "binance",
      "mode": "paper",
      "symbol": "IP/USDT:USDT",
      "side": "sell",
      "qty": 787.0,
      "price": 2.7456265,
      "notional": 2160.8080555,
      "fee": 1.08040402775,
      "reason": "manual_close_all",
      "realized_pnl": 91.90791200000005
    },
    {
      "ts": "2026-01-16T21:53:37.673106+00:00",
      "exchange": "binance",
      "mode": "paper",
      "symbol": "ZEN/USDT:USDT",
      "side": "buy",
      "qty": 41.0,
      "price": 13.009,
      "notional": 533.369,
      "fee": 0.10667380000000001,
      "reason": "signal_long",
      "realized_pnl": 0.0
    },
    {
      "ts": "2026-01-16T21:56:53.639088+00:00",
      "exchange": "binance",
      "mode": "paper",
      "symbol": "ICP/USDT:USDT",
      "side": "buy",
      "qty": 128.0,
      "price": 4.203,
      "notional": 537.984,
      "fee": 0.1075968,
      "reason": "signal_long",
      "realized_pnl": 0.0
    },
    {
      "ts": "2026-01-16T21:58:56.240748+00:00",
      "exchange": "binance",
      "mode": "paper",
      "symbol": "ICP/USDT:USDT",
      "side": "buy",
      "qty": 128.0,
      "price": 4.202,
      "notional": 537.856,
      "fee": 0.1075712,
      "reason": "signal_long",
      "realized_pnl": 0.0
    },
    {
      "ts": "2026-01-16T21:59:52.478279+00:00",
      "exchange": "binance",
      "mode": "paper",
      "symbol": "ZEN/USDT:USDT",
      "side": "buy",
      "qty": 41.0,
      "price": 12.980487,
      "notional": 532.199967,
      "fee": 0.2660999835,
      "reason": "signal_long|timeout_market",
      "realized_pnl": 0.0
    }
  ]
}