{
  "schema": 2,
  "mode": "paper",
  "exchange": "binance",
  "position_meta": {},
  "positions": [
    {
      "symbol": "LINK/USDT:USDT",
      "side": "long",
      "qty": 29.0,
      "entry": 13.712,
      "avg_price": 13.712,
      "stop": 0.0,
      "tp": 0.0,
      "ts_open": 0.0,
      "mode": "paper",
      "exchange": "binance"
    },
    {
      "symbol": "SUI/USDT:USDT",
      "side": "long",
      "qty": 221.0,
      "entry": 1.8005,
      "avg_price": 1.8005,
      "stop": 0.0,
      "tp": 0.0,
      "ts_open": 0.0,
      "mode": "paper",
      "exchange": "binance"
    }
  ],
  "pending_orders": [],
  "paper": {
    "initial_cash": 2000.0,
    "cash": 1200.9623810517508,
    "positions": {
      "LINK/USDT:USDT": {
        "symbol": "LINK/USDT:USDT",
        "qty": 29.0,
        "avg_price": 13.712
      },
      "SUI/USDT:USDT": {
        "symbol": "SUI/USDT:USDT",
        "qty": 221.0,
        "avg_price": 1.8005
      }
    },
    "realized_pnl_gross": -2.6444789999998983,
    "fees_paid": 0.8346399482499999
  },
  "ts": "2026-01-17T12:49:34.906374+00:00"
}