{
  "schema": 2,
  "mode": "paper",
  "exchange": "binance",
  "position_meta": {},
  "positions": [
    {
      "symbol": "AVAX/USDT:USDT",
      "side": "short",
      "qty": -74.0,
      "entry": 13.544,
      "avg_price": 13.544,
      "stop": 0.0,
      "tp": 0.0,
      "ts_open": 0.0,
      "mode": "paper",
      "exchange": "binance"
    },
    {
      "symbol": "LTC/USDT:USDT",
      "side": "short",
      "qty": -6.0,
      "entry": 74.33281500000001,
      "avg_price": 74.33281500000001,
      "stop": 0.0,
      "tp": 0.0,
      "ts_open": 0.0,
      "mode": "paper",
      "exchange": "binance"
    }
  ],
  "pending_orders": [],
  "paper": {
    "initial_cash": 2000.0,
    "cash": 3490.2343528930005,
    "positions": {
      "AVAX/USDT:USDT": {
        "symbol": "AVAX/USDT:USDT",
        "qty": -74.0,
        "avg_price": 13.544
      },
      "LTC/USDT:USDT": {
        "symbol": "LTC/USDT:USDT",
        "qty": -6.0,
        "avg_price": 74.33281500000001
      }
    },
    "realized_pnl_gross": 47.692237000000006,
    "fees_paid": 5.710774107
  },
  "ts": "2026-01-17T07:05:55.592119+00:00"
}