{
  "schema": 2,
  "mode": "paper",
  "exchange": "binance",
  "position_meta": {},
  "positions": [
    {
      "symbol": "AVAX/USDT:USDT",
      "side": "short",
      "qty": 22089.0,
      "entry": 13.539833333333332,
      "stop": 0.0,
      "tp": 0.0,
      "trailing": 13.697258421344252,
      "tp1_done": false,
      "sl_order_id": null,
      "tp_order_id": null,
      "trailing_order_id": null,
      "protected_qty": 0.0,
      "protection_ts": 0.0,
      "opened_ts": 1768638620.0909953
    },
    {
      "symbol": "LTC/USDT:USDT",
      "side": "short",
      "qty": 2796.0,
      "entry": 74.38390125000001,
      "stop": 0.0,
      "tp": 0.0,
      "trailing": 75.37242200680917,
      "tp1_done": false,
      "sl_order_id": null,
      "tp_order_id": null,
      "trailing_order_id": null,
      "protected_qty": 0.0,
      "protection_ts": 0.0,
      "opened_ts": 1768638620.0909953
    },
    {
      "symbol": "TAO/USDT:USDT",
      "side": "long",
      "qty": 5.0,
      "entry": 277.05769799999996,
      "stop": 0.0,
      "tp": 0.0,
      "trailing": null,
      "tp1_done": false,
      "sl_order_id": null,
      "tp_order_id": null,
      "trailing_order_id": null,
      "protected_qty": 0.0,
      "protection_ts": 0.0,
      "opened_ts": 1768638620.0909953
    }
  ],
  "pending_orders": [
    {
      "symbol": "AVAX/USDT:USDT",
      "side": "buy",
      "qty": 13653.0,
      "price": 13.676,
      "order_id": "paper-1768640350494-2082",
      "created_ts": 1768640350.4949765,
      "reposts": 0,
      "reason": "stop_loss",
      "is_maker": true,
      "atr_pct": 0.0,
      "filled_qty": 0.0
    },
    {
      "symbol": "LTC/USDT:USDT",
      "side": "buy",
      "qty": 1728.0,
      "price": 74.96,
      "order_id": "paper-1768640550207-9647",
      "created_ts": 1768640550.2078993,
      "reposts": 0,
      "reason": "stop_loss",
      "is_maker": true,
      "atr_pct": 0.0,
      "filled_qty": 0.0
    }
  ],
  "paper": {
    "initial_cash": 2000.0,
    "cash": -511291.7445493163,
    "positions": {
      "TAO/USDT:USDT": {
        "symbol": "TAO/USDT:USDT",
        "qty": 5.0,
        "avg_price": 277.05769799999996
      },
      "LTC/USDT:USDT": {
        "symbol": "LTC/USDT:USDT",
        "qty": 2796.0,
        "avg_price": 75.0071874892704
      },
      "AVAX/USDT:USDT": {
        "symbol": "AVAX/USDT:USDT",
        "qty": 22089.0,
        "avg_price": 13.674331658291456
      }
    },
    "realized_pnl_gross": 2.4812354999996877,
    "fees_paid": 136.52907481625
  },
  "ts": "2026-01-17T09:02:46.213084+00:00"
}