{
  "cfg_exchange": "binance",
  "cfg_mode": "paper",
  "paper": {
    "initial_cash": 2000.0,
    "cash": 2072.0403105505,
    "positions": {},
    "realized_pnl_gross": 73.92343300000029,
    "fees_paid": 1.8831224495
  },
  "positions_meta": {},
  "pending": {},
  "pairs": [
    "BTC/USDT:USDT",
    "ETH/USDT:USDT",
    "SOL/USDT:USDT",
    "DASH/USDT:USDT",
    "XRP/USDT:USDT",
    "ZEC/USDT:USDT",
    "DOGE/USDT:USDT",
    "FHE/USDT:USDT",
    "XMR/USDT:USDT",
    "BNB/USDT:USDT",
    "1000PEPE/USDT:USDT",
    "SUI/USDT:USDT",
    "IP/USDT:USDT",
    "BCH/USDT:USDT",
    "ZEN/USDT:USDT",
    "LTC/USDT:USDT",
    "ADA/USDT:USDT",
    "ICP/USDT:USDT",
    "AVAX/USDT:USDT",
    "LINK/USDT:USDT",
    "FIL/USDT:USDT",
    "PROM/USDT:USDT",
    "ENA/USDT:USDT",
    "KAITO/USDT:USDT",
    "DUSK/USDT:USDT",
    "AXS/USDT:USDT",
    "PAXG/USDT:USDT",
    "FARTCOIN/USDT:USDT",
    "CHZ/USDT:USDT",
    "1000BONK/USDT:USDT"
  ],
  "guard": {
    "halted": false,
    "day_start_equity": 2066.1044608835,
    "peak_equity": 2069.9404608835002
  },
  "trades": [
    {
      "ts": "2026-01-15T22:24:02.663147+00:00",
      "exchange": "binance",
      "mode": "paper",
      "symbol": "IP/USDT:USDT",
      "side": "buy",
      "qty": 202.0,
      "price": 2.5012499999999998,
      "notional": 505.25249999999994,
      "fee": 0.25262625,
      "reason": "signal_long|timeout_market",
      "realized_pnl": 0.0
    },
    {
      "ts": "2026-01-15T22:27:06.360030+00:00",
      "exchange": "binance",
      "mode": "paper",
      "symbol": "IP/USDT:USDT",
      "side": "buy",
      "qty": 199.0,
      "price": 2.505,
      "notional": 498.495,
      "fee": 0.09969900000000001,
      "reason": "signal_long",
      "realized_pnl": 0.0
    },
    {
      "ts": "2026-01-15T22:33:07.066372+00:00",
      "exchange": "binance",
      "mode": "paper",
      "symbol": "IP/USDT:USDT",
      "side": "buy",
      "qty": 199.0,
      "price": 2.475237,
      "notional": 492.572163,
      "fee": 0.2462860815,
      "reason": "signal_long|timeout_market",
      "realized_pnl": 0.0
    },
    {
      "ts": "2026-01-15T22:35:00.765786+00:00",
      "exchange": "binance",
      "mode": "paper",
      "symbol": "ICP/USDT:USDT",
      "side": "buy",
      "qty": 118.0,
      "price": 4.232115,
      "notional": 499.38957000000005,
      "fee": 0.24969478500000003,
      "reason": "signal_long|timeout_market",
      "realized_pnl": 0.0
    },
    {
      "ts": "2026-01-16T16:23:55.695711+00:00",
      "exchange": "binance",
      "mode": "paper",
      "symbol": "IP/USDT:USDT",
      "side": "sell",
      "qty": 600.0,
      "price": 2.6186900000000004,
      "notional": 1571.2140000000002,
      "fee": 0.785607,
      "reason": "manual_close_all",
      "realized_pnl": 74.89433700000028
    },
    {
      "ts": "2026-01-16T16:23:55.961456+00:00",
      "exchange": "binance",
      "mode": "paper",
      "symbol": "ICP/USDT:USDT",
      "side": "sell",
      "qty": 118.0,
      "price": 4.223887,
      "notional": 498.41866600000003,
      "fee": 0.24920933300000003,
      "reason": "manual_close_all",
      "realized_pnl": -0.9709039999999884
    }
  ],
  "ts": "2026-01-16T16:24:21.933042+00:00"
}